Workbook

Sheet Data
A1: 1 | B1: abc | C1: x | D1: 10 | F1: Name | G1: Qty | H1: Price
A2: 2 | B2: 10 | C2: y | D2: 20 | F2: pen | G2: 3 | H2: 1.5
A3: 3 | B3: TRUE | C3: z | D3: 30 | F3: book | G3: 1 | H3: 12
A4: 4 | C4: x | D4: 40 | F4: ink | G4: 5 | H4: 4.25
A5: 5 | B5: =NA() -> #N/A | C5: w | D5: 50
A6: 6 | B6: 2.5
A7: 7 | B7: -3
A8: 8 | B8: Apple
A9: 9 | B9: apple
A10: 10 | B10: 43845

Sheet About
A1: 16.0 20326
A2: 46288

Sheet Numbers
A1: 0
A2: 1
A3: -1
A4: 0.5
A5: 1.5
A6: 2.5
A7: -2.5
A8: 0.1
A9: 0.2
A10: 0.3
A11: 0.3
A12: 0.33333333
... A190: -123.456

Sheet Pairs
A1: 1 | B1: 1
A2: 1 | B2: 1
A3: 1 | B3: 1
A4: 1 | B4: 1
A5: 1 | B5: 1
A6: 1 | B6: 1
A7: 1 | B7: 1
A8: 1 | B8: 1
A9: 1 | B9: 1
A10: 1 | B10: 1
A11: 1 | B11: 1
A12: 1 | B12: 1
... A322: 1e+300 | B322: 1e+300

Sheet FileLiterals
A1: =1.23456789012345 -> 1.2345679
A2: =2.99999999999999 -> 3
A3: =0.3 -> 0.3
A4: =1234567890123450000 -> 1.2345679e+18
A5: =1234567890123450 -> 1.2345679e+15
A6: =1234567890123450 -> 1.2345679e+15
A7: =0.1+0.2 -> 0.3

Sheet Powers
A1: 90.41396 | B1: 1.3804108
A2: 36.11932 | B2: 3.3182261
A3: 0.78008616 | B3: -3.3963828
A4: 64.497089 | B4: 0.15497852
A5: 6.5393755 | B5: 1.8534908
A6: 60.537048 | B6: 1.3612429
A7: 85.256483 | B7: 1.501425
A8: 51.52145 | B8: -2.2714049
A9: 86.229816 | B9: 0.17340689
A10: 10.810846 | B10: 1.350468
A11: 20.48873 | B11: -2.6253909
A12: 93.792005 | B12: 3.6125676
... A654: 2 | B654: 10.5

Sheet Rounding
A1: 2.675 | B1: 2
A2: 2.675 | B2: 2
A3: 2.675 | B3: 2
A4: 2.675 | B4: 2
A5: 2.675 | B5: 2
A6: 1.005 | B6: 2
A7: 1.005 | B7: 2
A8: 1.005 | B8: 2
A9: 1.005 | B9: 2
A10: 1.005 | B10: 2
A11: 0.285 | B11: 2
A12: 0.285 | B12: 2
... A130: 0.3 | B130: 20

Sheet Divisions
A1: 10 | B1: 3.3
A2: 5.5 | B2: 2
A3: 10000000000 | B3: 3
A4: 134217728 | B4: 3
A5: 150000000 | B5: 7
A6: 1 | B6: 0.1
A7: 0.3 | B7: 0.1
A8: 7 | B8: 0.7
A9: -7 | B9: 0.7
A10: 7 | B10: -0.7
A11: 1e+15 | B11: 7
A12: 2.5e+15 | B12: 3
... A28: 11 | B28: 2.2

Sheet DatePairs
A1: 43861 | B1: 43890
A2: 43890 | B2: 43921
A3: 43524 | B3: 43555
A4: 43860 | B4: 43921
A5: 43921 | B5: 44285
A6: 43831 | B6: 44196
A7: 43631 | B7: 44255
A8: 43524 | B8: 43890
A9: 43890 | B9: 44255
A10: 44255 | B10: 44286
A11: 43982 | B11: 44074
A12: 43981 | B12: 44074
... A18: 43830 | B18: 43891

Sheet Reals
A1: -6.1527241
A2: -4.263151
A3: -7.6368943
A4: -3.8741616
A5: -3.813126
A6: -6.3111441
A7: 1.379728
A8: 4.7139959
A9: -5.8913345
A10: 0.19989827
A11: -6.9018988
A12: 9.5075696
... A72: 10000000

Sheet Wholes
A1: 3
A2: 3
A3: 3
A4: 3
A5: 3
A6: 3
A7: 3
A8: 3
A9: 3
A10: -3
A11: -3
A12: -3
... A90: 3.3

Sheet Times
A1: 0.5
A2: 0.49999537
A3: 0.49999421
A4: 0.49999306
A5: 0.50000463
A6: 0.50000579
A7: 0.75
A8: 0.74999537
A9: 0.74999421
A10: 0.74999306
A11: 0.75000463
A12: 0.75000579
... A54: 1.5000058

Sheet Ties
A1: 1.2345679e+15
A2: 1.2345679e+15
A3: 1.2345679e+15
A4: 1.2345679e+15
A5: 1e+15
A6: 1e+16
A7: 9.0071993e+15
A8: 1.1258999e+15

Sheet Crit
A1: 10 | B1: 1
A2: 10 | B2: 2
A3: 10.0 | B3: 3
A4: abc | B4: 4
A5: Apple | B5: 5
A6: apple | B6: 6
A7: ß | B7: 7
A8: ss | B8: 8
A9: SS | B9: 9
A10: æ | B10: 10
A11: ae | B11: 11
A12: é | B12: 12
A13: e | B13: 13
A14: TRUE | B14: 14
A15: FALSE | B15: 15
A16: TRUE | B16: 16
A17: =NA() -> #N/A | B17: 17
A18: ="" | B18: 18
B19: 19
A20: 5 | B20: 20
A21: 5 | B21: 21
A22: 43832 | B22: 22
A23: 43832 | B23: 23
A24: * | B24: 24
A25: a*e | B25: 25
A26: 10 | B26: 26
A27: 0 | B27: 27
A28: -1 | B28: 28
A29: 0.5 | B29: 29
A30: 1/2/2020 | B30: 30

Sheet Stats
A1: 0.774 | B1: 4.194 | C1: 1.3342 | D1: 20 | E1: 5 | F1: 1
A2: 1.767 | B2: 5.441 | C2: 1.7517 | D2: 40 | E2: 7 | F2: =1/0 -> #DIV/0!
A3: 2.866 | B3: 10.794 | C3: 2.1294 | D3: 60 | E3: =SUBTOTAL(9,E1:E2) -> 12 | F3: 3
A4: 3.603 | B4: 13.045 | C4: 2.7647 | E4: 11 | F4: x
A5: 4.826 | B5: 13.776 | C5: 3.6061 | F5: 5
A6: 5.71 | B6: 15.822 | C6: 4.7191
A7: 7.335 | B7: 22.329 | C7: 6.0413
A8: 7.675 | B8: 23.196 | C8: 7.8058
A9: 9.293 | B9: 24.59 | C9: 10.2991
A10: 9.684 | B10: 26.568 | C10: 13.1682
A11: 10.792 | B11: 30.664 | E11: 30
A12: 11.894 | B12: 34.612 | E12: 50
A13: 12.838 | B13: 33.265 | E13: 70
A14: 13.849 | B14: 38.817
A15: 14.631 | B15: 39.9
A16: 15.619 | B16: 43.917
A17: 17.379 | B17: 45.848
A18: 17.712 | B18: 48.838
A19: 18.868 | B19: 49.288
A20: 19.964 | B20: 54.442

Sheet Db
A1: Tree | B1: Height | C1: Age | D1: Yield | E1: Profit | G1: Tree | H1: Height | J1: Height | L1: Rich | M1: Tree | O1: Tree
A2: Apple | B2: 18 | C2: 20 | D2: 14 | E2: 105 | G2: Apple | H2: >10 | J2: =12 | L2: =E2>80 -> TRUE | M2: <>Plum | O2: P*
A3: Pear | B3: 12 | C3: 12 | D3: 10 | E3: 96 | G3: Pear
A4: Cherry | B4: 13 | C4: 14 | D4: 9 | E4: 105
A5: Apple | B5: 14 | C5: 15 | D5: 10 | E5: 75
A6: Pear | B6: 9 | C6: 8 | D6: 8 | E6: 76.8
A7: Apple | B7: 8 | C7: 9 | D7: 6 | E7: 45
A8: Cherry | B8: 10 | C8: 10 | D8: 7 | E8: 60
A9: Apple | B9: 11 | C9: 13 | D9: 9 | E9: 66
A10: Pear | B10: 7 | C10: 6 | D10: 5 | E10: 40
A11: Plum | B11: 15 | C11: 11 | D11: 12 | E11: 90

Sheet Samples
A1: V1 | B1: V2 | C1: V3 | D1: V4 | E1: V5 | F1: V6 | G1: V7 | H1: V8 | I1: V9 | J1: V10 | L1: V1
A2: 0.277007 | B2: 0.050447 | C2: 9671.1275 | D2: 17.300559 | E2: 18.420596 | F2: 69.802701 | G2: 15772.901 | H2: 0.096232 | I2: 59389.263 | J2: 6722.6976 | L2: >0
A3: 0.102698 | B3: 0.066709 | C3: 3064.0661 | D3: 54.406813 | E3: 31.904589 | F3: 86.737231 | G3: 82404.336 | H3: 0.582581 | I3: 32168.352 | J3: 4945.0131
A4: 0.569885 | B4: 0.033721 | C4: 5725.0288 | D4: 42.826947 | E4: 91.486429 | F4: 78.19125 | G4: 19696.902 | H4: 0.491159 | I4: 50493.661 | J4: 7811.1827
A5: 0.605697 | B5: 0.047536 | C5: 6812.3225 | D5: 98.579979 | E5: 10.699521 | F5: 13.170342 | G5: 84403.801 | H5: 0.660397 | I5: 16639.073 | J5: 4764.5823
A6: 0.511476 | B6: 0.089766 | C6: 6582.0719 | D6: 94.721315 | E6: 27.198858 | F6: 22.830991 | G6: 26433.141 | H6: 0.35419 | I6: 85902.902 | J6: 6985.6876
A7: 0.172647 | B7: 0.054964 | C7: 2901.5364 | D7: 30.803282 | E7: 28.386658 | F7: 48.817541 | G7: 89127.316 | H7: 0.088656 | I7: 23940.729 | J7: 3909.5037
A8: 0.612202 | B8: 0.020838 | C8: 6855.18 | D8: 81.212086 | E8: 77.953456 | F8: 69.994602 | G8: 68145.613 | H8: 0.099158 | I8: 62552.493 | J8: 335.71354
A9: 0.039278 | B9: 0.088915 | C9: 5709.4843 | D9: 12.375188 | E9: 63.002592 | F9: 73.445134 | G9: 26481.624 | H9: 0.531974 | I9: 3188.7372 | J9: 3994.9342
A10: 0.50332 | B10: 0.028635 | C10: 1646.4751 | D10: 40.871636 | E10: 12.013873 | F10: 40.244179 | G10: 70360.231 | H10: 0.328308 | I10: 7006.2965 | J10: 988.20693
A11: 0.58955 | B11: 0.026547 | C11: 1454.4351 | D11: 51.508417 | E11: 88.593603 | F11: 70.315853 | G11: 91300.36 | H11: 0.441738 | I11: 92141.498 | J11: 2441.6402
A12: 0.188819 | B12: 0.050507 | C12: 359.57282 | D12: 84.358775 | E12: 3.692175 | F12: 68.088568 | G12: 96347.277 | H12: 0.606893 | I12: 95347.824 | J12: 4677.3097
A13: 0.798492 | B13: 0.061543 | C13: 7297.8422 | D13: 34.745438 | E13: 3.748554 | F13: 77.101358 | G13: 49656.413 | H13: 0.803851 | I13: 24353.172 | J13: 4163.3574

Sheet Operators
A1: =1+2*3 -> 7
A2: =(1+2)*3 -> 9
A3: =-2^2 -> 4
A4: =2^3^2 -> 64
A5: =-(2^2) -> -4
A6: =2^-1 -> 0.5
A7: =10/4 -> 2.5
A8: =1/0 -> #DIV/0!
A9: =0/0 -> #DIV/0!
A10: =7% -> 0.07
A11: =50%*2 -> 1
A12: =5%% -> 0.0005
A13: =-(-3) -> 3
A14: =3 -> 3
A15: =--3 -> 3
A17: =1-2-3 -> -4
A18: =12/3/2 -> 2
A19: =2*3^2 -> 18
A20: =(2*3)^2 -> 36
A21: =0.1+0.2 -> 0.3
A22: =0.1+0.2-0.3 -> 0
A23: =1-0.9-0.1 -> 0
A24: =(0.1+0.2)-0.3 -> 0
A25: =0.3-0.2-0.1 -> 0
A26: =1*(0.5-0.4-0.1) -> -2.7755576e-17
A28: =2^1024 -> #NUM!
A29: =2^1023 -> 8.9884657e+307
A30: =-2^0.5 -> #NUM!
A31: =(-8)^(1/3) -> -2
A32: =0^0 -> #NUM!
A33: =0^-1 -> #DIV/0!
A34: =10^-400 -> 0
A35: =1&2 -> 12
A36: =1.5&"" -> 1.5
A37: =(0.1+0.2)&"" -> 0.3
A38: =TRUE&"" -> TRUE
A39: =FALSE&1 -> FALSE1
A40: =100000000000000000000&"" -> 1E+20
A41: =123456789012&"" -> 123456789012
A42: =1234567890123450&"" -> 1234567890123450
A43: =0.000001&"" -> 0.000001
A44: =0.0000001&"" -> 0.0000001
A45: =1/3&"" -> 0.333333333333333
A46: =-1/3&"" -> -0.333333333333333
A47: =100000000000000000000&"" -> 1E+20
A48: =Data!B4&"x" -> x
A49: =Data!B4+1 -> 1
A50: =Data!B4*2 -> 0
A51: =Data!B4-Data!B4 -> 0
A52: ="3"+4 -> 7
A53: ="3"&4 -> 34
A54: =TRUE+1 -> 2
A55: =FALSE*5 -> 0
A56: ="TRUE"+1 -> #VALUE!
A57: =" 3 "+1 -> 4
A58: ="1,000"+1 -> 1001
A59: ="$5"+1 -> 6
A60: ="1e3"+1 -> 1001
A61: ="50%"+0 -> 0.5
A62: ="1/2/2020"+0 -> 43832
A63: ="12:30"+0 -> 0.52083333
A64: ="abc"+1 -> #VALUE!
A65: =""+1 -> #VALUE!
A66: ="(5)"+0 -> -5
A67: ="-5"+0 -> -5
A68: ="+5"+0 -> 5
A69: ="5-"+0 -> #VALUE!
A70: ="1 1/2"+0 -> 1.5
A71: ="0x10"+0 -> #VALUE!
A72: =Data!B2+1 -> 11
A73: =Data!B2*1 -> 10
A74: =Data!B3+1 -> 2
A75: =Data!B1+1 -> #VALUE!
A76: =Data!B5+1 -> #N/A
A77: =1+#N/A -> #N/A
A78: =#DIV/0!+#N/A -> #DIV/0!
A79: =#N/A+#DIV/0! -> #N/A
A80: =1/0&"x" -> #DIV/0!

Sheet Compare
A1: =1<2 -> TRUE
A2: =2<1 -> FALSE
A3: =1=1 -> TRUE
A4: =1<>1 -> FALSE
A5: =1<"a" -> TRUE
A6: ="a"<TRUE -> TRUE
A7: =1<TRUE -> TRUE
A8: ="a"="A" -> TRUE
A9: ="a"<"B" -> TRUE
A10: ="B"<"a" -> FALSE
A11: ="10"<"9" -> TRUE
A12: =10<9 -> FALSE
A13: ="apple"<"Apple" -> FALSE
A14: ="Apple"<"apple" -> FALSE
A15: ="apple"="Apple" -> TRUE
A16: =Data!B4=0 -> TRUE
A17: =Data!B4="" -> TRUE
A18: =Data!B4=FALSE -> TRUE
A19: =Data!B4<1 -> TRUE
A20: =Data!B4>-1 -> TRUE
A21: =Data!B4<"a" -> TRUE
A22: =""<"a" -> TRUE
A23: =""=0 -> FALSE
A24: =0=FALSE -> FALSE
A25: =1=TRUE -> FALSE
A26: ="1"=1 -> FALSE
A27: =Data!B2=10 -> FALSE
A28: =Data!B2="10" -> TRUE
A29: =TRUE>FALSE -> TRUE
A30: ="z"<"aa" -> FALSE
A31: ="a b"<"ab" -> TRUE
A32: ="a-b"<"ab" -> FALSE
A33: ="é"<"f" -> TRUE
A34: ="e"<"é" -> TRUE
A35: ="ß"="ss" -> TRUE
A36: =#N/A=1 -> #N/A
A37: =1=#N/A -> #N/A
A38: =0.1+0.2=0.3 -> TRUE
A39: =1/3*3=1 -> TRUE
A40: ="a"<="A" -> TRUE
A41: ="A">="a" -> TRUE

Sheet Math
A1: =ROUND(2.5,0) -> 3
A2: =ROUND(-2.5,0) -> -3
A3: =ROUND(2.45,1) -> 2.5
A4: =ROUND(1.005,2) -> 1.01
A5: =ROUND(1234.5678,-2) -> 1200
A6: =ROUND(0.285,2) -> 0.29
A7: =ROUNDUP(3.14159,2) -> 3.15
A8: =ROUNDUP(-3.14159,2) -> -3.15
A9: =ROUNDDOWN(3.99,0) -> 3
A10: =ROUNDDOWN(-3.99,0) -> -3
A11: =INT(3.7) -> 3
A12: =INT(-3.2) -> -4
A13: =TRUNC(-3.7) -> -3
A14: =TRUNC(3.14159,3) -> 3.141
A15: =MOD(5,3) -> 2
A16: =MOD(-5,3) -> 1
A17: =MOD(5,-3) -> -1
A18: =MOD(-5,-3) -> -2
A19: =MOD(5.5,2) -> 1.5
A20: =MOD(5,0) -> #DIV/0!
A21: =ABS(-4.5) -> 4.5
A22: =SIGN(-2) -> -1
A23: =SIGN(0) -> 0
A24: =SQRT(16) -> 4
A25: =SQRT(-1) -> #NUM!
A26: =POWER(2,10) -> 1024
A27: =POWER(-8,1/3) -> -2
A28: =EXP(1) -> 2.7182818
A29: =LN(10) -> 2.3025851
A30: =LOG(100) -> 2
A31: =LOG(8,2) -> 3
A32: =LOG10(1000) -> 3
A33: =LN(0) -> #NUM!
A34: =PI() -> 3.1415927
A35: =CEILING(4.3,1) -> 5
A36: =CEILING(-4.3,-1) -> -5
A37: =CEILING(4.3,0.5) -> 4.5
A38: =FLOOR(4.7,1) -> 4
A39: =FLOOR(-4.7,-1) -> -4
A40: =_xlfn.CEILING.MATH(-4.3) -> -4
A41: =_xlfn.FLOOR.MATH(-4.3) -> -5
A42: =MROUND(10,3) -> 9
A43: =MROUND(-10,-3) -> -9
A44: =EVEN(3) -> 4
A45: =ODD(4) -> 5
A46: =EVEN(-1.5) -> -2
A47: =FACT(5) -> 120
A48: =FACT(0) -> 1
A49: =COMBIN(5,2) -> 10
A50: =PERMUT(5,2) -> 20
A51: =GCD(12,18) -> 6
A52: =LCM(4,6) -> 12
A53: =QUOTIENT(7,2) -> 3
A54: =QUOTIENT(-7,2) -> -3
A55: =SUM(1,2,3) -> 6
A56: =SUM(Data!A1:A10) -> 55
A57: =SUM(1,"2",TRUE) -> 4
A58: =SUM(Data!B1:B3) -> 0
A59: =SUM(Data!A1:A3,5) -> 11
A60: =SUM(Data!B1:B10) -> #N/A
A61: =SUMPRODUCT(Data!A1:A3,Data!A4:A6) -> 32
A62: =SUMSQ(1,2,3) -> 14
A63: =PRODUCT(2,3,4) -> 24
A64: =PRODUCT(Data!A1:A5) -> 120

Sheet Aggregate
A1: =AVERAGE(Data!A1:A10) -> 5.5
A2: =AVERAGE(1,"2",TRUE) -> 1.3333333
A3: =AVERAGE(Data!B1:B4) -> #DIV/0!
A4: =AVERAGEA(Data!B1:B4) -> 0.33333333
A5: =MIN(Data!A1:A10) -> 1
A6: =MAX(Data!A1:A10) -> 10
A7: =MIN(Data!B1:B4) -> 0
A8: =MAX(Data!B1:B4) -> 0
A9: =MIN("3",5) -> 3
A10: =MAX(Data!B6:B7) -> 2.5
A11: =MINA(Data!B1:B4) -> 0
A12: =MAXA(Data!B1:B4) -> 1
A13: =COUNT(Data!A1:B10) -> 13
A14: =COUNT(1,"2",TRUE,"x") -> 3
A15: =COUNTA(Data!B1:B10) -> 9
A16: =COUNTBLANK(Data!B1:B10) -> 1
A17: =MEDIAN(1,3,2,4) -> 2.5
A18: =MEDIAN(Data!A1:A10) -> 5.5
A19: =MODE(1,2,2,3) -> 2
A20: =LARGE(Data!A1:A10,2) -> 9
A21: =SMALL(Data!A1:A10,3) -> 3
A22: =LARGE(Data!A1:A10,11) -> #NUM!
A23: =STDEV(Data!A1:A10) -> 3.0276504
A24: =STDEVP(Data!A1:A10) -> 2.8722813
A25: =VAR(Data!A1:A10) -> 9.1666667
A26: =VARP(Data!A1:A10) -> 8.25
A27: =_xlfn.STDEV.S(2,4,4,4,5,5,7,9) -> 2.1380899
A28: =_xlfn.STDEV.P(2,4,4,4,5,5,7,9) -> 2
A29: =RANK(3,Data!A1:A10) -> 8
A30: =RANK(3,Data!A1:A10,1) -> 3
A31: =AVERAGE(Data!B1) -> #DIV/0!
A32: =MAX(Data!B5:B6) -> #N/A
A33: =COUNT(Data!B5) -> 0

Sheet Conditional
A1: =SUMIF(Data!A1:A10,">5") -> 40
A2: =SUMIF(Data!C1:C5,"x",Data!D1:D5) -> 50
A3: =SUMIF(Data!C1:C5,"<>x",Data!D1:D5) -> 100
A4: =COUNTIF(Data!A1:A10,">=3") -> 8
A5: =COUNTIF(Data!C1:C5,"x") -> 2
A6: =COUNTIF(Data!B1:B10,"apple") -> 2
A7: =COUNTIF(Data!B1:B10,"a*") -> 3
A8: =COUNTIF(Data!B1:B10,"?pple") -> 2
A9: =COUNTIF(Data!B1:B10,"*") -> 4
A10: =COUNTIF(Data!B1:B10,"<>") -> 9
A11: =COUNTIF(Data!B1:B10,"") -> 1
A12: =COUNTIF(Data!B1:B10,10) -> 1
A13: =COUNTIF(Data!B1:B10,"10") -> 1
A14: =COUNTIF(Data!B1:B10,TRUE) -> 1
A15: =COUNTIF(Data!A1:A10,"<5") -> 4
A16: =COUNTIF(Data!A1:A10,"=5") -> 1
A17: =COUNTIF(Data!A1:A10,5) -> 1
A18: =COUNTIF(Data!A1:A10,"5") -> 1
A19: =AVERAGEIF(Data!A1:A10,">5") -> 8
A20: =AVERAGEIF(Data!C1:C5,"x",Data!D1:D5) -> 25
A21: =SUMIFS(Data!D1:D5,Data!C1:C5,"x",Data!D1:D5,">15") -> 40
A22: =COUNTIFS(Data!C1:C5,"x",Data!D1:D5,">15") -> 1
A23: =AVERAGEIFS(Data!D1:D5,Data!C1:C5,"<>y") -> 32.5
A24: =_xlfn.MAXIFS(Data!D1:D5,Data!C1:C5,"x") -> 40
A25: =_xlfn.MINIFS(Data!D1:D5,Data!C1:C5,"x") -> 10
A26: =COUNTIF(Data!C1:C5,"~*") -> 0
A27: =SUMIF(Data!A1:A10,">"&5) -> 40
A28: =COUNTIF(Data!B1:B10,">b") -> 0
A29: =COUNTIF(Data!B1:B10,"<b") -> 4
A30: =AVERAGEIF(Data!C1:C5,"q",Data!D1:D5) -> #DIV/0!

Sheet Logic
A1: =IF(1>0,"yes","no") -> yes
A2: =IF(0,"yes","no") -> no
A3: =IF("TRUE",1,2) -> 1
A4: =IF("x",1,2) -> #VALUE!
A5: =IF(1,,2) -> 0
A6: =IF(0,1) -> FALSE
A7: =IF(Data!B4,1,2) -> 2
A8: =AND(TRUE,1,"TRUE") -> TRUE
A9: =AND(TRUE,0) -> FALSE
A10: =OR(FALSE,0) -> FALSE
A11: =OR(Data!B1:B4) -> TRUE
A12: =AND(Data!B1) -> #VALUE!
A13: =NOT(0) -> TRUE
A14: =NOT("FALSE") -> TRUE
A15: =_xlfn.XOR(TRUE,TRUE,TRUE) -> TRUE
A16: =IFERROR(1/0,"div") -> div
A17: =IFERROR(5,"x") -> 5
A18: =_xlfn.IFNA(Data!B5,"na") -> na
A19: =_xlfn.IFNA(1/0,"na") -> #DIV/0!
A20: =_xlfn.IFS(1>2,"a",2>1,"b") -> b
A21: =_xlfn.IFS(1>2,"a") -> #N/A
A22: =_xlfn.SWITCH(2,1,"one",2,"two","other") -> two
A23: =_xlfn.SWITCH(9,1,"one","other") -> other
A24: =_xlfn.SWITCH(9,1,"one") -> #N/A
A25: =CHOOSE(2,"a","b","c") -> b
A26: =CHOOSE(4,"a","b","c") -> #VALUE!
A27: =CHOOSE(2.9,"a","b","c") -> b
A28: =TRUE() -> TRUE
A29: =FALSE() -> FALSE
A30: =IF(1/0>1,1,2) -> #DIV/0!
A31: =IF(TRUE,1/0,2) -> #DIV/0!

Sheet Text
A1: =LEFT("hello",2) -> he
A2: =LEFT("hello") -> h
A3: =RIGHT("hello",3) -> llo
A4: =MID("hello",2,3) -> ell
A5: =MID("hello",9,2)
A6: =MID("hello",0,2) -> #VALUE!
A7: =LEN("hello") -> 5
A8: =LEN(1234.5) -> 6
A9: =LEN(Data!B4) -> 0
A10: =LEN(TRUE) -> 4
A11: =UPPER("Mixed Case") -> MIXED CASE
A12: =LOWER("Mixed Case") -> mixed case
A13: =PROPER("hello wORLD o'neil") -> Hello World O'Neil
A14: =TRIM(" a b ") -> a b
A15: =FIND("l","hello") -> 3
A16: =FIND("L","hello") -> #VALUE!
A17: =SEARCH("L","hello") -> 3
A18: =SEARCH("l?o","hello") -> 3
A19: =SEARCH("e*o","hello") -> 2
A20: =FIND("l","hello",4) -> 4
A21: =SUBSTITUTE("a-b-c","-","+") -> a+b+c
A22: =SUBSTITUTE("a-b-c","-","+",2) -> a-b+c
A23: =REPLACE("abcdef",2,3,"X") -> aXef
A24: =CONCATENATE("a",1,TRUE) -> a1TRUE
A25: =_xlfn.CONCAT("a",Data!A1:A3) -> a123
A26: =_xlfn.TEXTJOIN(",",TRUE,Data!B1:B4) -> abc,10,TRUE
A27: =_xlfn.TEXTJOIN(",",FALSE,Data!B1:B4) -> abc,10,TRUE,
A28: =REPT("ab",3) -> ababab
A29: =EXACT("a","A") -> FALSE
A30: =EXACT("a","a") -> TRUE
A31: =TEXT(1234.567,"#,##0.00") -> 1,234.57
A32: =TEXT(0.25,"0%") -> 25%
A33: =TEXT(Data!B10,"yyyy-mm-dd") -> 2020-01-15
A34: =TEXT(-5,"0;(0)") -> (5)
A35: =VALUE("12.5") -> 12.5
A36: =VALUE("abc") -> #VALUE!
A37: =VALUE("1,234") -> 1234
A38: =VALUE("25%") -> 0.25
A39: =CHAR(65) -> A
A40: =CODE("A") -> 65
A41: =_xlfn.UNICODE("é") -> 233
A42: =_xlfn.UNICHAR(8364) -> €
A43: =CLEAN("a"&CHAR(7)&"b") -> ab
A44: =T("x") -> x
A45: =T(1)
A46: =N("x") -> 0
A47: =N(TRUE) -> 1
A48: =DOLLAR(1234.567,2) -> $1,234.57
A49: =FIXED(1234.567,1) -> 1,234.6
A50: =FIXED(1234.567,1,TRUE) -> 1234.6
A51: =_xlfn.NUMBERVALUE("1.234,5",",",".") -> 1234.5
A52: =LEFT(1234,2) -> 12

Sheet Info
A1: =ISBLANK(Data!B4) -> TRUE
A2: =ISBLANK(Data!B1) -> FALSE
A3: =ISNUMBER(Data!B2) -> FALSE
A4: =ISNUMBER(Data!A1) -> TRUE
A5: =ISTEXT(Data!B2) -> TRUE
A6: =ISTEXT(Data!B4) -> FALSE
A7: =ISLOGICAL(Data!B3) -> TRUE
A8: =ISERROR(Data!B5) -> TRUE
A9: =ISERR(Data!B5) -> FALSE
A10: =ISNA(Data!B5) -> TRUE
A11: =ISERR(1/0) -> TRUE
A12: =ISNONTEXT(Data!B4) -> TRUE
A13: =ISEVEN(4) -> TRUE
A14: =ISODD(4) -> FALSE
A15: =TYPE(1) -> 1
A16: =TYPE("a") -> 2
A17: =TYPE(TRUE) -> 4
A18: =TYPE(1/0) -> 16
A19: =TYPE(Data!B4) -> 1
A20: =NA() -> #N/A
A21: =ERROR.TYPE(1/0) -> 2
A22: =ERROR.TYPE(Data!B5) -> 7
A23: =ROW(Data!C3) -> 3
A24: =COLUMN(Data!C3) -> 3
A25: =ROWS(Data!A1:B4) -> 4
A26: =COLUMNS(Data!A1:B4) -> 2
A27: =ISREF(Data!A1) -> TRUE
A28: =_xlfn.ISFORMULA(Data!B5) -> TRUE
A29: =_xlfn.ISFORMULA(Data!B1) -> FALSE

Sheet Lookup
A1: =VLOOKUP("book",Data!F2:H4,3,FALSE) -> 12
A2: =VLOOKUP("BOOK",Data!F2:H4,2,FALSE) -> 1
A3: =VLOOKUP("cup",Data!F2:H4,2,FALSE) -> #N/A
A4: =VLOOKUP(4,Data!A1:A10,1) -> 4
A5: =VLOOKUP(4.5,Data!A1:A10,1,TRUE) -> 4
A6: =VLOOKUP(0,Data!A1:A10,1) -> #N/A
A7: =VLOOKUP("b*",Data!F2:H4,3,FALSE) -> 12
A8: =VLOOKUP("book",Data!F2:H4,4,FALSE) -> #REF!
A9: =HLOOKUP("Qty",Data!F1:H4,3,FALSE) -> 1
A10: =INDEX(Data!F2:H4,2,3) -> 12
A11: =INDEX(Data!A1:A10,4) -> 4
A12: =INDEX(Data!F2:H4,4,1) -> #REF!
A13: =MATCH("ink",Data!F2:F4,0) -> 3
A14: =MATCH(5.5,Data!A1:A10,1) -> 5
A15: =MATCH(5.5,Data!A1:A10) -> 5
A16: =MATCH("zzz",Data!F2:F4,0) -> #N/A
A17: =MATCH("i*",Data!F2:F4,0) -> 3
A18: =_xlfn.XLOOKUP("ink",Data!F2:F4,Data!H2:H4) -> 4.25
A19: =_xlfn.XLOOKUP("cup",Data!F2:F4,Data!H2:H4,"none") -> none
A20: =_xlfn.XLOOKUP("cup",Data!F2:F4,Data!H2:H4) -> #N/A
A21: =_xlfn.XLOOKUP(4.5,Data!A1:A10,Data!A1:A10,,-1) -> 4
A22: =_xlfn.XLOOKUP(4.5,Data!A1:A10,Data!A1:A10,,1) -> 5
A23: =LOOKUP(4.5,Data!A1:A10) -> 4
A24: =CHOOSE(MATCH("y",Data!C1:C5,0),"a","b","c") -> b
A25: =INDEX(Data!D1:D5,MATCH("z",Data!C1:C5,0)) -> 30
A26: =SUMPRODUCT((Data!C1:C5="x")*Data!D1:D5) -> 50

Sheet Dates
A1: =DATE(2020,1,15) -> 43845
A2: =DATE(2020,13,1) -> 44197
A3: =DATE(2020,1,0) -> 43830
A4: =DATE(1900,2,29) -> 60
A5: =DATE(99,1,1) -> 36161
A6: =YEAR(Data!B10) -> 2020
A7: =MONTH(Data!B10) -> 1
A8: =DAY(Data!B10) -> 15
A9: =WEEKDAY(Data!B10) -> 4
A10: =WEEKDAY(Data!B10,2) -> 3
A11: =EDATE(Data!B10,1) -> 43876
A12: =EDATE(DATE(2020,1,31),1) -> 43890
A13: =EOMONTH(Data!B10,0) -> 43861
A14: =EOMONTH(Data!B10,-1) -> 43830
A15: =DATEDIF(DATE(2020,1,15),DATE(2021,3,1),"m") -> 13
A16: =DATEDIF(DATE(2020,1,15),DATE(2021,3,1),"d") -> 411
A17: =DATEDIF(DATE(2020,1,15),DATE(2021,3,1),"y") -> 1
A18: =DATEDIF(DATE(2020,1,15),DATE(2021,3,1),"md") -> 14
A19: =DATEVALUE("2020-01-15") -> 43845
A20: =DATEVALUE("1/15/2020") -> 43845
A21: =TIME(12,30,0) -> 0.52083333
A22: =TIME(25,0,0) -> 0.041666667
A23: =HOUR(0.75) -> 18
A24: =MINUTE(0.7534) -> 4
A25: =SECOND(0.75342) -> 55
A26: =TIMEVALUE("6:45 PM") -> 0.78125
A27: =_xlfn.DAYS(DATE(2021,1,1),DATE(2020,1,1)) -> 366
A28: =NETWORKDAYS(DATE(2020,1,1),DATE(2020,1,31)) -> 23
A29: =WORKDAY(DATE(2020,1,1),10) -> 43845
A30: =YEARFRAC(DATE(2020,1,1),DATE(2020,7,1)) -> 0.5
A31: =WEEKNUM(Data!B10) -> 3
A32: =_xlfn.ISOWEEKNUM(DATE(2021,1,1)) -> 53
A33: =DAY(0) -> 0
A34: =YEAR(0) -> 1900
A35: =MONTH(-1) -> #NUM!

Sheet NearZero
A1: =0.1+0.2-0.3 -> 0
A2: =(0.1+0.2-0.3) -> 5.5511151e-17
A3: =(0.1+0.2)-0.3 -> 0
A4: =0.1+(0.2-0.3) -> 0
A5: =-(0.1+0.2)+0.3 -> 0
A6: =0.3-(0.1+0.2) -> 0
A7: =1*(0.1+0.2-0.3) -> 5.5511151e-17
A8: =(0.1+0.2-0.3)*1 -> 5.5511151e-17
A9: =(0.1+0.2-0.3)/1 -> 5.5511151e-17
A10: =+(0.1+0.2-0.3) -> 5.5511151e-17
A11: =-(0.1+0.2-0.3) -> -5.5511151e-17
A12: =--(0.1+0.2-0.3) -> 5.5511151e-17
A13: =(0.1+0.2-0.3)% -> 5.5511151e-19
A14: =SUM(0.1+0.2-0.3) -> 5.5511151e-17
A15: =SUM(0.1,0.2,-0.3) -> 0
A16: =SUM(0.3,-0.1,-0.2) -> 0
A17: =ABS(0.1+0.2-0.3) -> 5.5511151e-17
A18: =IF(TRUE,0.1+0.2-0.3) -> 5.5511151e-17
A19: =(0.1+0.2-0.3)&"" -> 5.55111512312578E-17
A20: =0.1+0.2-0.3=0 -> FALSE
A21: =0.1+0.2=0.3 -> TRUE
A22: =0.3=0.1+0.2 -> TRUE
A23: =0.1+0.2-0.3>0 -> TRUE
A24: =0.1+0.2>0.3 -> FALSE
A25: =0.1+0.2<>0.3 -> FALSE
A26: =MAX(0.1+0.2-0.3) -> 5.5511151e-17
A27: =N(0.1+0.2-0.3) -> 5.5511151e-17
A28: =0.1+0.2-0.3+0 -> 5.5511151e-17
A29: =0+0.1+0.2-0.3 -> 0
A30: =0.1-0.3+0.2 -> 0
A31: =(0.1+0.2)-(0.3) -> 0
A32: =0.3-0.2-0.1 -> 0
A33: =1*(1-0.9-0.1) -> -2.7755576e-17
A34: =1-0.9-0.1 -> 0
A35: =(1-0.9-0.1) -> -2.7755576e-17
A36: =0.3-0.1-0.2 -> 0
A37: =0.7-0.6-0.1 -> 0
A38: =1.1-1-0.1 -> 0
A39: =4.35-4.34-0.01 -> -2.1337099e-16
A40: =100.1-100-0.1 -> -5.689893e-15
A41: =SUM(0.7,-0.6,-0.1) -> 0
A42: =0.1*3-0.3 -> 0
A43: =0.1*3=0.3 -> TRUE
A44: =(0.1*3)-0.3 -> 0
A45: =1/3+1/3+1/3-1 -> 0
A46: =SUM(1/3,1/3,1/3,-1) -> 0
A47: =10.1-10-0.1 -> -3.6082248e-16
A48: =1000000000000000+0.3-1000000000000000 -> 0
A49: =10000000000000000+2-10000000000000000 -> 0

Sheet Power
A1: =2^0.5 -> 1.4142136
A2: =10^0.3 -> 1.9952623
A3: =1.1^100 -> 13780.612
A4: =3^-3 -> 0.037037037
A5: =(-8)^(1/3) -> -2
A6: =(-8)^(2/3) -> #NUM!
A7: =(-27)^(1/3) -> -3
A8: =(-2)^(1/5) -> -1.1486984
A9: =(-32)^0.2 -> -2
A10: =(-2)^0.5 -> #NUM!
A11: =8^(1/3) -> 2
A12: =1000^(1/3) -> 10
A13: =7^(1/7) -> 1.3204692
A14: =1.0000001^10000000 -> 2.7182817
A15: =0.5^1074 -> 0
A16: =2^-1022 -> 2.2250739e-308
A17: =2^-1023 -> 0
A18: =2^-1074 -> 0
A19: =2^-1075 -> 0
A20: =(-8)^(1/3)*1 -> -2
A21: =(-1)^(1/3) -> -1
A22: =(-64)^(1/6) -> #NUM!
A23: =(-64)^(1/3) -> -4
A24: =(-0.001)^(1/3) -> -0.1
A25: =POWER(-8,1/3) -> -2
A26: =POWER(10,-2) -> 0.01
A27: =POWER(0,0) -> #NUM!
A28: =POWER(0,-1) -> #DIV/0!
A29: =POWER(-1,0.5) -> #NUM!
A30: =10^15 -> 1e+15
A31: =10^16 -> 1e+16
A32: =10^-15 -> 1e-15
A33: =2^53 -> 9.0071993e+15
A34: =3^40 -> 1.2157665e+19
A35: =1.5^2.5 -> 2.755676
A36: =(-1.5)^3 -> -3.375
A37: =(-2)^-3 -> -0.125
A38: =(-8)^-(1/3) -> -0.5
A39: =(-8)^0.333333333333333 -> -2
A40: =(-8)^(1/3+0) -> -2
A41: =0^0.5 -> 0
A42: =0^-0.5 -> #DIV/0!
A43: =(0)^2 -> 0
A44: =EXP(LN(8)/3) -> 2
A45: =SQRT(2) -> 1.4142136
A46: =SQRT(2)^2 -> 2
A47: =EXP(1)^2 -> 7.3890561
A48: =EXP(2) -> 7.3890561
A49: =EXP(709) -> 8.2184075e+307
A50: =EXP(710) -> #NUM!
A51: =EXP(-745) -> 0
A52: =EXP(-746) -> 0
A53: =LN(2) -> 0.69314718
A54: =LOG(2) -> 0.30103
A55: =LOG10(2) -> 0.30103
A56: =LOG(8,2) -> 3
A57: =LOG(1000,10) -> 3
A58: =LOG(10,100) -> 0.5
A59: =SIN(PI()) -> 1.2251485e-16
A60: =COS(PI()/2) -> 6.1257423e-17
A61: =TAN(PI()/4) -> 1
A62: =ASIN(1) -> 1.5707963
A63: =ACOS(-1) -> 3.1415927
A64: =ATAN(1) -> 0.78539816
A65: =ATAN2(1,1) -> 0.78539816
A66: =SINH(1) -> 1.1752012
A67: =COSH(1) -> 1.5430806
A68: =TANH(0.5) -> 0.46211716
A69: =DEGREES(PI()) -> 180
A70: =RADIANS(180) -> 3.1415927
A71: =SIN(100000000) -> 0.93163903
A72: =SIN(2^27) -> #NUM!
A73: =SIN(2^28) -> #NUM!
A74: =COS(1000000000) -> #NUM!
A75: =TAN(10000000000) -> #NUM!

Sheet Errors
A1: =SUM(#N/A,#DIV/0!) -> #N/A
A2: =SUM(#DIV/0!,#N/A) -> #DIV/0!
A3: =#N/A&#DIV/0! -> #N/A
A4: =MAX(1/0,NA()) -> #DIV/0!
A5: =IF(#N/A,1,2) -> #N/A
A6: =AND(#N/A,FALSE) -> #N/A
A7: =AND(FALSE,#N/A) -> #N/A
A8: =1/0=NA() -> #DIV/0!
A9: =NA()=1/0 -> #N/A
A10: =-#N/A -> #N/A
A11: =#N/A% -> #N/A
A12: =#REF! -> #REF!
A13: =#NULL! -> #NULL!
A14: =#NAME? -> #NAME?
A15: =#NUM! -> #NUM!
A16: =#VALUE! -> #VALUE!
A17: =#GETTING_DATA -> #N/A
A18: =ABS(#N/A) -> #N/A
A19: =LEN(#DIV/0!) -> #DIV/0!
A20: ="a"+#N/A -> #VALUE!
A21: =#N/A+"a" -> #N/A
A22: ="a"*1/0 -> #VALUE!
A23: =1/0*"a" -> #DIV/0!
A24: =Data!B1*Data!B5 -> #VALUE!
A25: =Data!B5*Data!B1 -> #N/A
A26: =NOSUCHFUNCTION(1) -> #NAME?
A27: =nosuchname -> #NAME?
A28: =nosuchname+1 -> #NAME?
A29: =SUM(nosuchname) -> #NAME?

Sheet Literals
A1: =1.23456789012345 -> 1.2345679
A2: =2.99999999999999 -> 3
A3: =0.3 -> 0.3
A4: =1234567890123450000 -> 1.2345679e+18
A5: =0.123456789012345 -> 0.12345679
A6: =123456789012345 -> 123456789012345
A7: =9.99999999999999 -> 10
A8: =1 -> 1
A9: =1 -> 1
A10: =0.1+0.2 -> 0.3
A11: =1234567890123450 -> 1.2345679e+15
A12: =1234567890123450 -> 1.2345679e+15
A13: =9999999999999990 -> 1e+16
A14: =99999999999999900 -> 1e+17
A17: =1E-307 -> 1e-307
A18: =0 -> 0
A19: =0 -> 0
A20: =0 -> 0
A22: =0.5 -> 0.5
A23: =5 -> 5
A24: =100000 -> 100000
A25: =100000 -> 100000
A26: =100000 -> 100000
A27: =1E-21 -> 1e-21

Sheet ToText
A1: =Numbers!A1&"" -> 0
A2: =Numbers!A2&"" -> 1
A3: =Numbers!A3&"" -> -1
A4: =Numbers!A4&"" -> 0.5
A5: =Numbers!A5&"" -> 1.5
A6: =Numbers!A6&"" -> 2.5
A7: =Numbers!A7&"" -> -2.5
A8: =Numbers!A8&"" -> 0.1
A9: =Numbers!A9&"" -> 0.2
A10: =Numbers!A10&"" -> 0.3
A11: =Numbers!A11&"" -> 0.3
A12: =Numbers!A12&"" -> 0.333333333333333
... A190: =Numbers!A190&"" -> -123.456

Sheet General
A1: =TEXT(Numbers!A1,"General") -> 0
A2: =TEXT(Numbers!A2,"General") -> 1
A3: =TEXT(Numbers!A3,"General") -> -1
A4: =TEXT(Numbers!A4,"General") -> 0.5
A5: =TEXT(Numbers!A5,"General") -> 1.5
A6: =TEXT(Numbers!A6,"General") -> 2.5
A7: =TEXT(Numbers!A7,"General") -> -2.5
A8: =TEXT(Numbers!A8,"General") -> 0.1
A9: =TEXT(Numbers!A9,"General") -> 0.2
A10: =TEXT(Numbers!A10,"General") -> 0.3
A11: =TEXT(Numbers!A11,"General") -> 0.3
A12: =TEXT(Numbers!A12,"General") -> 0.333333333
... A190: =TEXT(Numbers!A190,"General") -> -123.456

Sheet Difference
A1: =Pairs!B1-Pairs!A1 -> 0
A2: =Pairs!B2-Pairs!A2 -> 0
A3: =Pairs!B3-Pairs!A3 -> 0
A4: =Pairs!B4-Pairs!A4 -> 0
A5: =Pairs!B5-Pairs!A5 -> 0
A6: =Pairs!B6-Pairs!A6 -> 0
A7: =Pairs!B7-Pairs!A7 -> 0
A8: =Pairs!B8-Pairs!A8 -> 0
A9: =Pairs!B9-Pairs!A9 -> 0
A10: =Pairs!B10-Pairs!A10 -> 0
A11: =Pairs!B11-Pairs!A11 -> 0
A12: =Pairs!B12-Pairs!A12 -> 0
... A322: =Pairs!B322-Pairs!A322 -> -6.0908213e+287

Sheet DifferenceSum
A1: =SUM(Pairs!B1,-Pairs!A1) -> 0
A2: =SUM(Pairs!B2,-Pairs!A2) -> 0
A3: =SUM(Pairs!B3,-Pairs!A3) -> 0
A4: =SUM(Pairs!B4,-Pairs!A4) -> 0
A5: =SUM(Pairs!B5,-Pairs!A5) -> 0
A6: =SUM(Pairs!B6,-Pairs!A6) -> 0
A7: =SUM(Pairs!B7,-Pairs!A7) -> 0
A8: =SUM(Pairs!B8,-Pairs!A8) -> 0
A9: =SUM(Pairs!B9,-Pairs!A9) -> 0
A10: =SUM(Pairs!B10,-Pairs!A10) -> 0
A11: =SUM(Pairs!B11,-Pairs!A11) -> 0
A12: =SUM(Pairs!B12,-Pairs!A12) -> 0
... A322: =SUM(Pairs!B322,-Pairs!A322) -> -6.0908213e+287

Sheet Equal
A1: =Pairs!A1=Pairs!B1 -> TRUE
A2: =Pairs!A2=Pairs!B2 -> TRUE
A3: =Pairs!A3=Pairs!B3 -> TRUE
A4: =Pairs!A4=Pairs!B4 -> TRUE
A5: =Pairs!A5=Pairs!B5 -> TRUE
A6: =Pairs!A6=Pairs!B6 -> TRUE
A7: =Pairs!A7=Pairs!B7 -> TRUE
A8: =Pairs!A8=Pairs!B8 -> TRUE
A9: =Pairs!A9=Pairs!B9 -> TRUE
A10: =Pairs!A10=Pairs!B10 -> FALSE
A11: =Pairs!A11=Pairs!B11 -> TRUE
A12: =Pairs!A12=Pairs!B12 -> FALSE
... A322: =Pairs!A322=Pairs!B322 -> FALSE

Sheet Less
A1: =Pairs!A1<Pairs!B1 -> FALSE
A2: =Pairs!A2<Pairs!B2 -> FALSE
A3: =Pairs!A3<Pairs!B3 -> FALSE
A4: =Pairs!A4<Pairs!B4 -> FALSE
A5: =Pairs!A5<Pairs!B5 -> FALSE
A6: =Pairs!A6<Pairs!B6 -> FALSE
A7: =Pairs!A7<Pairs!B7 -> FALSE
A8: =Pairs!A8<Pairs!B8 -> FALSE
A9: =Pairs!A9<Pairs!B9 -> FALSE
A10: =Pairs!A10<Pairs!B10 -> FALSE
A11: =Pairs!A11<Pairs!B11 -> FALSE
A12: =Pairs!A12<Pairs!B12 -> FALSE
... A322: =Pairs!A322<Pairs!B322 -> FALSE

Sheet Coerce
A1: ="1"+0 -> 1
A2: ="-1"+0 -> -1
A3: ="+1"+0 -> 1
A4: ="1.5"+0 -> 1.5
A5: =".5"+0 -> 0.5
A6: ="5."+0 -> 5
A7: ="1e3"+0 -> 1000
A8: ="1E3"+0 -> 1000
A9: ="1e+3"+0 -> 1000
A10: ="1e-3"+0 -> 0.001
A11: ="1E"+0 -> #VALUE!
A12: ="e3"+0 -> #VALUE!
A13: ="1.5.2"+0 -> #VALUE!
A14: ="1,000"+0 -> 1000
A15: ="1,000.5"+0 -> 1000.5
A16: ="1,00"+0 -> #VALUE!
A17: ="10,00,000"+0 -> #VALUE!
A18: =",100"+0 -> #VALUE!
A19: ="100,"+0 -> #VALUE!
A20: ="1 000"+0 -> #VALUE!
A21: =" 1"+0 -> 1
A22: ="1 "+0 -> 1
A23: ="01"+0 -> 1
A24: ="00.5"+0 -> 0.5
A25: ="1_000"+0 -> #VALUE!
A26: ="0x1F"+0 -> #VALUE!
A27: ="&H1F"+0 -> #VALUE!
A28: ="1d2"+0 -> #VALUE!
A29: ="Infinity"+0 -> #VALUE!
A30: ="NaN"+0 -> #VALUE!
A31: ="1e308"+0 -> #VALUE!
A32: ="1e309"+0 -> #VALUE!
A33: ="-0"+0 -> 0
A34: ="1e-400"+0 -> #VALUE!
A35: ="50%"+0 -> 0.5
A36: ="%50"+0 -> 0.5
A37: ="50 %"+0 -> 0.5
A38: ="5%%"+0 -> #VALUE!
A39: ="-50%"+0 -> -0.5
A40: ="1.5%"+0 -> 0.015
A41: ="1e2%"+0 -> 1
A42: ="(50%)"+0 -> -0.5
A43: ="$5"+0 -> 5
A44: ="-$5"+0 -> -5
A45: ="$-5"+0 -> -5
A46: ="($5)"+0 -> -5
A47: ="$ 5"+0 -> 5
A48: ="5$"+0 -> #VALUE!
A49: ="€5"+0 -> 5
A50: ="£5"+0 -> #VALUE!
A51: ="$1,000.50"+0 -> 1000.5
A52: ="USD5"+0 -> #VALUE!
A53: ="(5)"+0 -> -5
A54: ="(-5)"+0 -> #VALUE!
A55: ="-(5)"+0 -> #VALUE!
A56: ="( 5 )"+0 -> -5
A57: ="(5"+0 -> #VALUE!
A58: ="5)"+0 -> #VALUE!
A59: ="5-"+0 -> #VALUE!
A60: ="5+"+0 -> #VALUE!
A61: ="--5"+0 -> #VALUE!
A62: ="+-5"+0 -> #VALUE!
A63: ="- 5"+0 -> -5
A64: ="1/2"+0 -> 46024
A65: ="0 1/2"+0 -> 0.5
A66: ="1 1/2"+0 -> 1.5
A67: ="1 1/3"+0 -> 1.3333333
A68: ="-1 1/2"+0 -> -1.5
A69: ="1 1/2/3"+0 -> #VALUE!
A70: ="1 3/2"+0 -> 2.5
A71: ="3/2"+0 -> 46083
A72: =" 1 1/2 "+0 -> 1.5
A73: ="1 1/2"+0 -> #VALUE!
A74: ="1/2/2020"+0 -> 43832
A75: ="1/2/20"+0 -> 43832
A76: ="2020-01-15"+0 -> 43845
A77: ="2020/01/15"+0 -> 43845
A78: ="15-Jan-2020"+0 -> 43845
A79: ="15 Jan 2020"+0 -> 43845
A80: ="Jan 15, 2020"+0 -> 43845
A81: ="January 15, 2020"+0 -> 43845
A82: ="Jan 2020"+0 -> 43831
A83: ="Jan-20"+0 -> 46042
A84: ="15-Jan"+0 -> 46037
A85: ="1/15"+0 -> 46037
A86: ="13/1/2020"+0 -> #VALUE!
A87: ="2/29/2021"+0 -> #VALUE!
A88: ="2/29/2020"+0 -> 43890
A89: ="1/1/1900"+0 -> 1
A90: ="12/31/1899"+0 -> #VALUE!
A91: ="1/1/9999"+0 -> 2958101
A92: ="1/1/10000"+0 -> #VALUE!
A93: ="1/1/0"+0 -> 36526
A94: ="1/1/29"+0 -> 47119
A95: ="1/1/30"+0 -> 10959
A96: ="Monday, January 15, 2020"+0 -> #VALUE!
A97: ="2020-1-15"+0 -> 43845
A98: ="15.1.2020"+0 -> #VALUE!
A99: ="1-15-2020"+0 -> 43845
A100: ="20200115"+0 -> 20200115
...

Sheet Value
A1: =VALUE("1") -> 1
A2: =VALUE("-1") -> -1
A3: =VALUE("+1") -> 1
A4: =VALUE("1.5") -> 1.5
A5: =VALUE(".5") -> 0.5
A6: =VALUE("5.") -> 5
A7: =VALUE("1e3") -> 1000
A8: =VALUE("1E3") -> 1000
A9: =VALUE("1e+3") -> 1000
A10: =VALUE("1e-3") -> 0.001
A11: =VALUE("1E") -> #VALUE!
A12: =VALUE("e3") -> #VALUE!
A13: =VALUE("1.5.2") -> #VALUE!
A14: =VALUE("1,000") -> 1000
A15: =VALUE("1,000.5") -> 1000.5
A16: =VALUE("1,00") -> #VALUE!
A17: =VALUE("10,00,000") -> #VALUE!
A18: =VALUE(",100") -> #VALUE!
A19: =VALUE("100,") -> #VALUE!
A20: =VALUE("1 000") -> #VALUE!
A21: =VALUE(" 1") -> 1
A22: =VALUE("1 ") -> 1
A23: =VALUE("01") -> 1
A24: =VALUE("00.5") -> 0.5
A25: =VALUE("1_000") -> #VALUE!
A26: =VALUE("0x1F") -> #VALUE!
A27: =VALUE("&H1F") -> #VALUE!
A28: =VALUE("1d2") -> #VALUE!
A29: =VALUE("Infinity") -> #VALUE!
A30: =VALUE("NaN") -> #VALUE!
A31: =VALUE("1e308") -> #VALUE!
A32: =VALUE("1e309") -> #VALUE!
A33: =VALUE("-0") -> 0
A34: =VALUE("1e-400") -> #VALUE!
A35: =VALUE("50%") -> 0.5
A36: =VALUE("%50") -> 0.5
A37: =VALUE("50 %") -> 0.5
A38: =VALUE("5%%") -> #VALUE!
A39: =VALUE("-50%") -> -0.5
A40: =VALUE("1.5%") -> 0.015
A41: =VALUE("1e2%") -> 1
A42: =VALUE("(50%)") -> -0.5
A43: =VALUE("$5") -> 5
A44: =VALUE("-$5") -> -5
A45: =VALUE("$-5") -> -5
A46: =VALUE("($5)") -> -5
A47: =VALUE("$ 5") -> 5
A48: =VALUE("5$") -> #VALUE!
A49: =VALUE("€5") -> 5
A50: =VALUE("£5") -> #VALUE!
A51: =VALUE("$1,000.50") -> 1000.5
A52: =VALUE("USD5") -> #VALUE!
A53: =VALUE("(5)") -> -5
A54: =VALUE("(-5)") -> #VALUE!
A55: =VALUE("-(5)") -> #VALUE!
A56: =VALUE("( 5 )") -> -5
A57: =VALUE("(5") -> #VALUE!
A58: =VALUE("5)") -> #VALUE!
A59: =VALUE("5-") -> #VALUE!
A60: =VALUE("5+") -> #VALUE!
A61: =VALUE("--5") -> #VALUE!
A62: =VALUE("+-5") -> #VALUE!
A63: =VALUE("- 5") -> -5
A64: =VALUE("1/2") -> 46024
A65: =VALUE("0 1/2") -> 0.5
A66: =VALUE("1 1/2") -> 1.5
A67: =VALUE("1 1/3") -> 1.3333333
A68: =VALUE("-1 1/2") -> -1.5
A69: =VALUE("1 1/2/3") -> #VALUE!
A70: =VALUE("1 3/2") -> 2.5
A71: =VALUE("3/2") -> 46083
A72: =VALUE(" 1 1/2 ") -> 1.5
A73: =VALUE("1 1/2") -> #VALUE!
A74: =VALUE("1/2/2020") -> 43832
A75: =VALUE("1/2/20") -> 43832
A76: =VALUE("2020-01-15") -> 43845
A77: =VALUE("2020/01/15") -> 43845
A78: =VALUE("15-Jan-2020") -> 43845
A79: =VALUE("15 Jan 2020") -> 43845
A80: =VALUE("Jan 15, 2020") -> 43845
A81: =VALUE("January 15, 2020") -> 43845
A82: =VALUE("Jan 2020") -> 43831
A83: =VALUE("Jan-20") -> 46042
A84: =VALUE("15-Jan") -> 46037
A85: =VALUE("1/15") -> 46037
A86: =VALUE("13/1/2020") -> #VALUE!
A87: =VALUE("2/29/2021") -> #VALUE!
A88: =VALUE("2/29/2020") -> 43890
A89: =VALUE("1/1/1900") -> 1
A90: =VALUE("12/31/1899") -> #VALUE!
A91: =VALUE("1/1/9999") -> 2958101
A92: =VALUE("1/1/10000") -> #VALUE!
A93: =VALUE("1/1/0") -> 36526
A94: =VALUE("1/1/29") -> 47119
A95: =VALUE("1/1/30") -> 10959
A96: =VALUE("Monday, January 15, 2020") -> #VALUE!
A97: =VALUE("2020-1-15") -> 43845
A98: =VALUE("15.1.2020") -> #VALUE!
A99: =VALUE("1-15-2020") -> 43845
A100: =VALUE("20200115") -> 20200115
...

Sheet DateValue
A1: =DATEVALUE("1") -> #VALUE!
A2: =DATEVALUE("-1") -> #VALUE!
A3: =DATEVALUE("+1") -> #VALUE!
A4: =DATEVALUE("1.5") -> #VALUE!
A5: =DATEVALUE(".5") -> #VALUE!
A6: =DATEVALUE("5.") -> #VALUE!
A7: =DATEVALUE("1e3") -> #VALUE!
A8: =DATEVALUE("1E3") -> #VALUE!
A9: =DATEVALUE("1e+3") -> #VALUE!
A10: =DATEVALUE("1e-3") -> #VALUE!
A11: =DATEVALUE("1E") -> #VALUE!
A12: =DATEVALUE("e3") -> #VALUE!
A13: =DATEVALUE("1.5.2") -> #VALUE!
A14: =DATEVALUE("1,000") -> #VALUE!
A15: =DATEVALUE("1,000.5") -> #VALUE!
A16: =DATEVALUE("1,00") -> #VALUE!
A17: =DATEVALUE("10,00,000") -> #VALUE!
A18: =DATEVALUE(",100") -> #VALUE!
A19: =DATEVALUE("100,") -> #VALUE!
A20: =DATEVALUE("1 000") -> #VALUE!
A21: =DATEVALUE(" 1") -> #VALUE!
A22: =DATEVALUE("1 ") -> #VALUE!
A23: =DATEVALUE("01") -> #VALUE!
A24: =DATEVALUE("00.5") -> #VALUE!
A25: =DATEVALUE("1_000") -> #VALUE!
A26: =DATEVALUE("0x1F") -> #VALUE!
A27: =DATEVALUE("&H1F") -> #VALUE!
A28: =DATEVALUE("1d2") -> #VALUE!
A29: =DATEVALUE("Infinity") -> #VALUE!
A30: =DATEVALUE("NaN") -> #VALUE!
A31: =DATEVALUE("1e308") -> #VALUE!
A32: =DATEVALUE("1e309") -> #VALUE!
A33: =DATEVALUE("-0") -> #VALUE!
A34: =DATEVALUE("1e-400") -> #VALUE!
A35: =DATEVALUE("50%") -> #VALUE!
A36: =DATEVALUE("%50") -> #VALUE!
A37: =DATEVALUE("50 %") -> #VALUE!
A38: =DATEVALUE("5%%") -> #VALUE!
A39: =DATEVALUE("-50%") -> #VALUE!
A40: =DATEVALUE("1.5%") -> #VALUE!
A41: =DATEVALUE("1e2%") -> #VALUE!
A42: =DATEVALUE("(50%)") -> #VALUE!
A43: =DATEVALUE("$5") -> #VALUE!
A44: =DATEVALUE("-$5") -> #VALUE!
A45: =DATEVALUE("$-5") -> #VALUE!
A46: =DATEVALUE("($5)") -> #VALUE!
A47: =DATEVALUE("$ 5") -> #VALUE!
A48: =DATEVALUE("5$") -> #VALUE!
A49: =DATEVALUE("€5") -> #VALUE!
A50: =DATEVALUE("£5") -> #VALUE!
A51: =DATEVALUE("$1,000.50") -> #VALUE!
A52: =DATEVALUE("USD5") -> #VALUE!
A53: =DATEVALUE("(5)") -> #VALUE!
A54: =DATEVALUE("(-5)") -> #VALUE!
A55: =DATEVALUE("-(5)") -> #VALUE!
A56: =DATEVALUE("( 5 )") -> #VALUE!
A57: =DATEVALUE("(5") -> #VALUE!
A58: =DATEVALUE("5)") -> #VALUE!
A59: =DATEVALUE("5-") -> #VALUE!
A60: =DATEVALUE("5+") -> #VALUE!
A61: =DATEVALUE("--5") -> #VALUE!
A62: =DATEVALUE("+-5") -> #VALUE!
A63: =DATEVALUE("- 5") -> #VALUE!
A64: =DATEVALUE("1/2") -> 46024
A65: =DATEVALUE("0 1/2") -> #VALUE!
A66: =DATEVALUE("1 1/2") -> #VALUE!
A67: =DATEVALUE("1 1/3") -> #VALUE!
A68: =DATEVALUE("-1 1/2") -> #VALUE!
A69: =DATEVALUE("1 1/2/3") -> #VALUE!
A70: =DATEVALUE("1 3/2") -> #VALUE!
A71: =DATEVALUE("3/2") -> 46083
A72: =DATEVALUE(" 1 1/2 ") -> #VALUE!
A73: =DATEVALUE("1 1/2") -> #VALUE!
A74: =DATEVALUE("1/2/2020") -> 43832
A75: =DATEVALUE("1/2/20") -> 43832
A76: =DATEVALUE("2020-01-15") -> 43845
A77: =DATEVALUE("2020/01/15") -> 43845
A78: =DATEVALUE("15-Jan-2020") -> 43845
A79: =DATEVALUE("15 Jan 2020") -> 43845
A80: =DATEVALUE("Jan 15, 2020") -> 43845
A81: =DATEVALUE("January 15, 2020") -> 43845
A82: =DATEVALUE("Jan 2020") -> 43831
A83: =DATEVALUE("Jan-20") -> 46042
A84: =DATEVALUE("15-Jan") -> 46037
A85: =DATEVALUE("1/15") -> 46037
A86: =DATEVALUE("13/1/2020") -> #VALUE!
A87: =DATEVALUE("2/29/2021") -> #VALUE!
A88: =DATEVALUE("2/29/2020") -> 43890
A89: =DATEVALUE("1/1/1900") -> 1
A90: =DATEVALUE("12/31/1899") -> #VALUE!
A91: =DATEVALUE("1/1/9999") -> 2958101
A92: =DATEVALUE("1/1/10000") -> #VALUE!
A93: =DATEVALUE("1/1/0") -> 36526
A94: =DATEVALUE("1/1/29") -> 47119
A95: =DATEVALUE("1/1/30") -> 10959
A96: =DATEVALUE("Monday, January 15, 2020") -> #VALUE!
A97: =DATEVALUE("2020-1-15") -> 43845
A98: =DATEVALUE("15.1.2020") -> #VALUE!
A99: =DATEVALUE("1-15-2020") -> 43845
A100: =DATEVALUE("20200115") -> #VALUE!
...

Sheet TimeValue
A1: =TIMEVALUE("1") -> #VALUE!
A2: =TIMEVALUE("-1") -> #VALUE!
A3: =TIMEVALUE("+1") -> #VALUE!
A4: =TIMEVALUE("1.5") -> #VALUE!
A5: =TIMEVALUE(".5") -> #VALUE!
A6: =TIMEVALUE("5.") -> #VALUE!
A7: =TIMEVALUE("1e3") -> #VALUE!
A8: =TIMEVALUE("1E3") -> #VALUE!
A9: =TIMEVALUE("1e+3") -> #VALUE!
A10: =TIMEVALUE("1e-3") -> #VALUE!
A11: =TIMEVALUE("1E") -> #VALUE!
A12: =TIMEVALUE("e3") -> #VALUE!
A13: =TIMEVALUE("1.5.2") -> #VALUE!
A14: =TIMEVALUE("1,000") -> #VALUE!
A15: =TIMEVALUE("1,000.5") -> #VALUE!
A16: =TIMEVALUE("1,00") -> #VALUE!
A17: =TIMEVALUE("10,00,000") -> #VALUE!
A18: =TIMEVALUE(",100") -> #VALUE!
A19: =TIMEVALUE("100,") -> #VALUE!
A20: =TIMEVALUE("1 000") -> #VALUE!
A21: =TIMEVALUE(" 1") -> #VALUE!
A22: =TIMEVALUE("1 ") -> #VALUE!
A23: =TIMEVALUE("01") -> #VALUE!
A24: =TIMEVALUE("00.5") -> #VALUE!
A25: =TIMEVALUE("1_000") -> #VALUE!
A26: =TIMEVALUE("0x1F") -> #VALUE!
A27: =TIMEVALUE("&H1F") -> #VALUE!
A28: =TIMEVALUE("1d2") -> #VALUE!
A29: =TIMEVALUE("Infinity") -> #VALUE!
A30: =TIMEVALUE("NaN") -> #VALUE!
A31: =TIMEVALUE("1e308") -> #VALUE!
A32: =TIMEVALUE("1e309") -> #VALUE!
A33: =TIMEVALUE("-0") -> #VALUE!
A34: =TIMEVALUE("1e-400") -> #VALUE!
A35: =TIMEVALUE("50%") -> #VALUE!
A36: =TIMEVALUE("%50") -> #VALUE!
A37: =TIMEVALUE("50 %") -> #VALUE!
A38: =TIMEVALUE("5%%") -> #VALUE!
A39: =TIMEVALUE("-50%") -> #VALUE!
A40: =TIMEVALUE("1.5%") -> #VALUE!
A41: =TIMEVALUE("1e2%") -> #VALUE!
A42: =TIMEVALUE("(50%)") -> #VALUE!
A43: =TIMEVALUE("$5") -> #VALUE!
A44: =TIMEVALUE("-$5") -> #VALUE!
A45: =TIMEVALUE("$-5") -> #VALUE!
A46: =TIMEVALUE("($5)") -> #VALUE!
A47: =TIMEVALUE("$ 5") -> #VALUE!
A48: =TIMEVALUE("5$") -> #VALUE!
A49: =TIMEVALUE("€5") -> #VALUE!
A50: =TIMEVALUE("£5") -> #VALUE!
A51: =TIMEVALUE("$1,000.50") -> #VALUE!
A52: =TIMEVALUE("USD5") -> #VALUE!
A53: =TIMEVALUE("(5)") -> #VALUE!
A54: =TIMEVALUE("(-5)") -> #VALUE!
A55: =TIMEVALUE("-(5)") -> #VALUE!
A56: =TIMEVALUE("( 5 )") -> #VALUE!
A57: =TIMEVALUE("(5") -> #VALUE!
A58: =TIMEVALUE("5)") -> #VALUE!
A59: =TIMEVALUE("5-") -> #VALUE!
A60: =TIMEVALUE("5+") -> #VALUE!
A61: =TIMEVALUE("--5") -> #VALUE!
A62: =TIMEVALUE("+-5") -> #VALUE!
A63: =TIMEVALUE("- 5") -> #VALUE!
A64: =TIMEVALUE("1/2") -> 0
A65: =TIMEVALUE("0 1/2") -> #VALUE!
A66: =TIMEVALUE("1 1/2") -> #VALUE!
A67: =TIMEVALUE("1 1/3") -> #VALUE!
A68: =TIMEVALUE("-1 1/2") -> #VALUE!
A69: =TIMEVALUE("1 1/2/3") -> #VALUE!
A70: =TIMEVALUE("1 3/2") -> #VALUE!
A71: =TIMEVALUE("3/2") -> 0
A72: =TIMEVALUE(" 1 1/2 ") -> #VALUE!
A73: =TIMEVALUE("1 1/2") -> #VALUE!
A74: =TIMEVALUE("1/2/2020") -> 0
A75: =TIMEVALUE("1/2/20") -> 0
A76: =TIMEVALUE("2020-01-15") -> 0
A77: =TIMEVALUE("2020/01/15") -> 0
A78: =TIMEVALUE("15-Jan-2020") -> 0
A79: =TIMEVALUE("15 Jan 2020") -> 0
A80: =TIMEVALUE("Jan 15, 2020") -> 0
A81: =TIMEVALUE("January 15, 2020") -> 0
A82: =TIMEVALUE("Jan 2020") -> 0
A83: =TIMEVALUE("Jan-20") -> 0
A84: =TIMEVALUE("15-Jan") -> 0
A85: =TIMEVALUE("1/15") -> 0
A86: =TIMEVALUE("13/1/2020") -> #VALUE!
A87: =TIMEVALUE("2/29/2021") -> #VALUE!
A88: =TIMEVALUE("2/29/2020") -> 0
A89: =TIMEVALUE("1/1/1900") -> 0
A90: =TIMEVALUE("12/31/1899") -> #VALUE!
A91: =TIMEVALUE("1/1/9999") -> 0
A92: =TIMEVALUE("1/1/10000") -> #VALUE!
A93: =TIMEVALUE("1/1/0") -> 0
A94: =TIMEVALUE("1/1/29") -> 0
A95: =TIMEVALUE("1/1/30") -> 0
A96: =TIMEVALUE("Monday, January 15, 2020") -> #VALUE!
A97: =TIMEVALUE("2020-1-15") -> 0
A98: =TIMEVALUE("15.1.2020") -> #VALUE!
A99: =TIMEVALUE("1-15-2020") -> 0
A100: =TIMEVALUE("20200115") -> #VALUE!
...

Sheet WordsEqual
A1: ="a"="a" -> TRUE
A2: ="a"="A" -> TRUE
A3: ="a"="b" -> FALSE
A4: ="a"="B" -> FALSE
A5: ="a"="" -> FALSE
A6: ="a"=" " -> FALSE
A7: ="a"="ab" -> FALSE
A8: ="a"="a b" -> FALSE
A9: ="a"="a-b" -> FALSE
A10: ="a"="a'b" -> FALSE
A11: ="a"="co-op" -> FALSE
A12: ="a"="coop" -> FALSE
A13: ="a"="cop" -> FALSE
A14: ="a"="ß" -> FALSE
A15: ="a"="ss" -> FALSE
A16: ="a"="æ" -> FALSE
A17: ="a"="ae" -> FALSE
A18: ="a"="é" -> FALSE
A19: ="a"="e" -> FALSE
A20: ="a"="f" -> FALSE
A21: ="a"="É" -> FALSE
A22: ="a"="1" -> FALSE
A23: ="a"="10" -> FALSE
A24: ="a"="9" -> FALSE
A25: ="a"="a1" -> FALSE
A26: ="a"="a10" -> FALSE
A27: ="a"="a2" -> FALSE
A28: ="a"="_" -> FALSE
A29: ="a"="-" -> FALSE
A30: ="a"="~" -> FALSE
A31: ="a"="z" -> FALSE
A32: ="a"="Ω" -> FALSE
A33: ="a"="ω" -> FALSE
A34: ="A"="a" -> TRUE
A35: ="A"="A" -> TRUE
A36: ="A"="b" -> FALSE
A37: ="A"="B" -> FALSE
A38: ="A"="" -> FALSE
A39: ="A"=" " -> FALSE
A40: ="A"="ab" -> FALSE
A41: ="A"="a b" -> FALSE
A42: ="A"="a-b" -> FALSE
A43: ="A"="a'b" -> FALSE
A44: ="A"="co-op" -> FALSE
A45: ="A"="coop" -> FALSE
A46: ="A"="cop" -> FALSE
A47: ="A"="ß" -> FALSE
A48: ="A"="ss" -> FALSE
A49: ="A"="æ" -> FALSE
A50: ="A"="ae" -> FALSE
A51: ="A"="é" -> FALSE
A52: ="A"="e" -> FALSE
A53: ="A"="f" -> FALSE
A54: ="A"="É" -> FALSE
A55: ="A"="1" -> FALSE
A56: ="A"="10" -> FALSE
A57: ="A"="9" -> FALSE
A58: ="A"="a1" -> FALSE
A59: ="A"="a10" -> FALSE
A60: ="A"="a2" -> FALSE
A61: ="A"="_" -> FALSE
A62: ="A"="-" -> FALSE
A63: ="A"="~" -> FALSE
A64: ="A"="z" -> FALSE
A65: ="A"="Ω" -> FALSE
A66: ="A"="ω" -> FALSE
A67: ="b"="a" -> FALSE
A68: ="b"="A" -> FALSE
A69: ="b"="b" -> TRUE
A70: ="b"="B" -> TRUE
A71: ="b"="" -> FALSE
A72: ="b"=" " -> FALSE
A73: ="b"="ab" -> FALSE
A74: ="b"="a b" -> FALSE
A75: ="b"="a-b" -> FALSE
A76: ="b"="a'b" -> FALSE
A77: ="b"="co-op" -> FALSE
A78: ="b"="coop" -> FALSE
A79: ="b"="cop" -> FALSE
A80: ="b"="ß" -> FALSE
A81: ="b"="ss" -> FALSE
A82: ="b"="æ" -> FALSE
A83: ="b"="ae" -> FALSE
A84: ="b"="é" -> FALSE
A85: ="b"="e" -> FALSE
A86: ="b"="f" -> FALSE
A87: ="b"="É" -> FALSE
A88: ="b"="1" -> FALSE
A89: ="b"="10" -> FALSE
A90: ="b"="9" -> FALSE
A91: ="b"="a1" -> FALSE
A92: ="b"="a10" -> FALSE
A93: ="b"="a2" -> FALSE
A94: ="b"="_" -> FALSE
A95: ="b"="-" -> FALSE
A96: ="b"="~" -> FALSE
A97: ="b"="z" -> FALSE
A98: ="b"="Ω" -> FALSE
A99: ="b"="ω" -> FALSE
A100: ="B"="a" -> FALSE
...

Sheet WordsLess
A1: ="a"<"a" -> FALSE
A2: ="a"<"A" -> FALSE
A3: ="a"<"b" -> TRUE
A4: ="a"<"B" -> TRUE
A5: ="a"<"" -> FALSE
A6: ="a"<" " -> FALSE
A7: ="a"<"ab" -> TRUE
A8: ="a"<"a b" -> TRUE
A9: ="a"<"a-b" -> TRUE
A10: ="a"<"a'b" -> TRUE
A11: ="a"<"co-op" -> TRUE
A12: ="a"<"coop" -> TRUE
A13: ="a"<"cop" -> TRUE
A14: ="a"<"ß" -> TRUE
A15: ="a"<"ss" -> TRUE
A16: ="a"<"æ" -> TRUE
A17: ="a"<"ae" -> TRUE
A18: ="a"<"é" -> TRUE
A19: ="a"<"e" -> TRUE
A20: ="a"<"f" -> TRUE
A21: ="a"<"É" -> TRUE
A22: ="a"<"1" -> FALSE
A23: ="a"<"10" -> FALSE
A24: ="a"<"9" -> FALSE
A25: ="a"<"a1" -> TRUE
A26: ="a"<"a10" -> TRUE
A27: ="a"<"a2" -> TRUE
A28: ="a"<"_" -> FALSE
A29: ="a"<"-" -> FALSE
A30: ="a"<"~" -> FALSE
A31: ="a"<"z" -> TRUE
A32: ="a"<"Ω" -> TRUE
A33: ="a"<"ω" -> TRUE
A34: ="A"<"a" -> FALSE
A35: ="A"<"A" -> FALSE
A36: ="A"<"b" -> TRUE
A37: ="A"<"B" -> TRUE
A38: ="A"<"" -> FALSE
A39: ="A"<" " -> FALSE
A40: ="A"<"ab" -> TRUE
A41: ="A"<"a b" -> TRUE
A42: ="A"<"a-b" -> TRUE
A43: ="A"<"a'b" -> TRUE
A44: ="A"<"co-op" -> TRUE
A45: ="A"<"coop" -> TRUE
A46: ="A"<"cop" -> TRUE
A47: ="A"<"ß" -> TRUE
A48: ="A"<"ss" -> TRUE
A49: ="A"<"æ" -> TRUE
A50: ="A"<"ae" -> TRUE
A51: ="A"<"é" -> TRUE
A52: ="A"<"e" -> TRUE
A53: ="A"<"f" -> TRUE
A54: ="A"<"É" -> TRUE
A55: ="A"<"1" -> FALSE
A56: ="A"<"10" -> FALSE
A57: ="A"<"9" -> FALSE
A58: ="A"<"a1" -> TRUE
A59: ="A"<"a10" -> TRUE
A60: ="A"<"a2" -> TRUE
A61: ="A"<"_" -> FALSE
A62: ="A"<"-" -> FALSE
A63: ="A"<"~" -> FALSE
A64: ="A"<"z" -> TRUE
A65: ="A"<"Ω" -> TRUE
A66: ="A"<"ω" -> TRUE
A67: ="b"<"a" -> FALSE
A68: ="b"<"A" -> FALSE
A69: ="b"<"b" -> FALSE
A70: ="b"<"B" -> FALSE
A71: ="b"<"" -> FALSE
A72: ="b"<" " -> FALSE
A73: ="b"<"ab" -> FALSE
A74: ="b"<"a b" -> FALSE
A75: ="b"<"a-b" -> FALSE
A76: ="b"<"a'b" -> FALSE
A77: ="b"<"co-op" -> TRUE
A78: ="b"<"coop" -> TRUE
A79: ="b"<"cop" -> TRUE
A80: ="b"<"ß" -> TRUE
A81: ="b"<"ss" -> TRUE
A82: ="b"<"æ" -> FALSE
A83: ="b"<"ae" -> FALSE
A84: ="b"<"é" -> TRUE
A85: ="b"<"e" -> TRUE
A86: ="b"<"f" -> TRUE
A87: ="b"<"É" -> TRUE
A88: ="b"<"1" -> FALSE
A89: ="b"<"10" -> FALSE
A90: ="b"<"9" -> FALSE
A91: ="b"<"a1" -> FALSE
A92: ="b"<"a10" -> FALSE
A93: ="b"<"a2" -> FALSE
A94: ="b"<"_" -> FALSE
A95: ="b"<"-" -> FALSE
A96: ="b"<"~" -> FALSE
A97: ="b"<"z" -> TRUE
A98: ="b"<"Ω" -> TRUE
A99: ="b"<"ω" -> TRUE
A100: ="B"<"a" -> FALSE
...

Sheet PowerData
A1: =Powers!A1^Powers!B1 -> 501.65893
A2: =Powers!A2^Powers!B2 -> 147547.59
A3: =Powers!A3^Powers!B3 -> 2.3244763
A4: =Powers!A4^Powers!B4 -> 1.9073915
A5: =Powers!A5^Powers!B5 -> 32.477979
A6: =Powers!A6^Powers!B6 -> 266.54086
A7: =Powers!A7^Powers!B7 -> 792.2137
A8: =Powers!A8^Powers!B8 -> 0.00012923554
A9: =Powers!A9^Powers!B9 -> 2.1659895
A10: =Powers!A10^Powers!B10 -> 24.899718
A11: =Powers!A11^Powers!B11 -> 0.00036037975
A12: =Powers!A12^Powers!B12 -> 13322397
... A654: =Powers!A654^Powers!B654 -> 1448.1547

Sheet PowerFunction
A1: =POWER(Powers!A1,Powers!B1) -> 501.65893
A2: =POWER(Powers!A2,Powers!B2) -> 147547.59
A3: =POWER(Powers!A3,Powers!B3) -> 2.3244763
A4: =POWER(Powers!A4,Powers!B4) -> 1.9073915
A5: =POWER(Powers!A5,Powers!B5) -> 32.477979
A6: =POWER(Powers!A6,Powers!B6) -> 266.54086
A7: =POWER(Powers!A7,Powers!B7) -> 792.2137
A8: =POWER(Powers!A8,Powers!B8) -> 0.00012923554
A9: =POWER(Powers!A9,Powers!B9) -> 2.1659895
A10: =POWER(Powers!A10,Powers!B10) -> 24.899718
A11: =POWER(Powers!A11,Powers!B11) -> 0.00036037975
A12: =POWER(Powers!A12,Powers!B12) -> 13322397
... A60: =POWER(Powers!A60,Powers!B60) -> 551736.38

Sheet DifferenceReversed
A1: =Pairs!A1-Pairs!B1 -> 0
A2: =Pairs!A2-Pairs!B2 -> 0
A3: =Pairs!A3-Pairs!B3 -> 0
A4: =Pairs!A4-Pairs!B4 -> 0
A5: =Pairs!A5-Pairs!B5 -> 0
A6: =Pairs!A6-Pairs!B6 -> 0
A7: =Pairs!A7-Pairs!B7 -> 0
A8: =Pairs!A8-Pairs!B8 -> 0
A9: =Pairs!A9-Pairs!B9 -> 0
A10: =Pairs!A10-Pairs!B10 -> 0
A11: =Pairs!A11-Pairs!B11 -> 0
A12: =Pairs!A12-Pairs!B12 -> 0
... A322: =Pairs!A322-Pairs!B322 -> 6.0908213e+287

Sheet SumNested
A1: =1*SUM(Pairs!B1,-Pairs!A1) -> 0
A2: =1*SUM(Pairs!B2,-Pairs!A2) -> 0
A3: =1*SUM(Pairs!B3,-Pairs!A3) -> 0
A4: =1*SUM(Pairs!B4,-Pairs!A4) -> 0
A5: =1*SUM(Pairs!B5,-Pairs!A5) -> 0
A6: =1*SUM(Pairs!B6,-Pairs!A6) -> 0
A7: =1*SUM(Pairs!B7,-Pairs!A7) -> 0
A8: =1*SUM(Pairs!B8,-Pairs!A8) -> 0
A9: =1*SUM(Pairs!B9,-Pairs!A9) -> 0
A10: =1*SUM(Pairs!B10,-Pairs!A10) -> 0
A11: =1*SUM(Pairs!B11,-Pairs!A11) -> 0
A12: =1*SUM(Pairs!B12,-Pairs!A12) -> 0
... A322: =1*SUM(Pairs!B322,-Pairs!A322) -> -6.0908213e+287

Sheet TiesText
A1: =Ties!A1&"" -> 1234567890123440
A2: =Ties!A2&"" -> 1234567890123450
A3: =Ties!A3&"" -> 1234567890123460
A4: =Ties!A4&"" -> 1234567890123470
A5: =Ties!A5&"" -> 1000000000000000
A6: =Ties!A6&"" -> 10000000000000000
A7: =Ties!A7&"" -> 9007199254740990
A8: =Ties!A8&"" -> 1125899906842620

Sheet Exp
A1: =EXP(Reals!A1) -> 0.0021276778
A2: =EXP(Reals!A2) -> 0.014077873
A3: =EXP(Reals!A3) -> 0.00048232406
A4: =EXP(Reals!A4) -> 0.020771746
A5: =EXP(Reals!A5) -> 0.022079052
A6: =EXP(Reals!A6) -> 0.0018159545
A7: =EXP(Reals!A7) -> 3.9738204
A8: =EXP(Reals!A8) -> 111.4968
A9: =EXP(Reals!A9) -> 0.0027632867
A10: =EXP(Reals!A10) -> 1.2212785
A11: =EXP(Reals!A11) -> 0.0010058737
A12: =EXP(Reals!A12) -> 13461.239
... A72: =EXP(Reals!A72) -> #NUM!

Sheet Ln
A1: =LN(ABS(Reals!A1)) -> 1.8168949
A2: =LN(ABS(Reals!A2)) -> 1.4500086
A3: =LN(ABS(Reals!A3)) -> 2.032991
A4: =LN(ABS(Reals!A4)) -> 1.3543293
A5: =LN(ABS(Reals!A5)) -> 1.3384493
A6: =LN(ABS(Reals!A6)) -> 1.842317
A7: =LN(ABS(Reals!A7)) -> 0.32188635
A8: =LN(ABS(Reals!A8)) -> 1.5505359
A9: =LN(ABS(Reals!A9)) -> 1.7734825
A10: =LN(ABS(Reals!A10)) -> -1.6099467
A11: =LN(ABS(Reals!A11)) -> 1.9317966
A12: =LN(ABS(Reals!A12)) -> 2.2520883
... A72: =LN(ABS(Reals!A72)) -> 16.118096

Sheet Sin
A1: =SIN(Reals!A1) -> 0.13009141
A2: =SIN(Reals!A2) -> 0.90077828
A3: =SIN(Reals!A3) -> -0.97652895
A4: =SIN(Reals!A4) -> 0.66878175
A5: =SIN(Reals!A5) -> 0.62218714
A6: =SIN(Reals!A6) -> -0.027955109
A7: =SIN(Reals!A7) -> 0.9818019
A8: =SIN(Reals!A8) -> -0.99999871
A9: =SIN(Reals!A9) -> 0.3818996
A10: =SIN(Reals!A10) -> 0.19856963
A11: =SIN(Reals!A11) -> -0.57998762
A12: =SIN(Reals!A12) -> -0.082697131
... A72: =SIN(Reals!A72) -> 0.42054779

Sheet Cos
A1: =COS(Reals!A1) -> 0.991502
A2: =COS(Reals!A2) -> -0.43427927
A3: =COS(Reals!A3) -> 0.21538619
A4: =COS(Reals!A4) -> -0.74345879
A5: =COS(Reals!A5) -> -0.78286855
A6: =COS(Reals!A6) -> 0.99960918
A7: =COS(Reals!A7) -> 0.18990793
A8: =COS(Reals!A8) -> 0.0016069278
A9: =COS(Reals!A9) -> 0.92420382
A10: =COS(Reals!A10) -> 0.98008678
A11: =COS(Reals!A11) -> 0.81462529
A12: =COS(Reals!A12) -> -0.99657473
... A72: =COS(Reals!A72) -> -0.90727039

Sheet Tan
A1: =TAN(Reals!A1) -> 0.1312064
A2: =TAN(Reals!A2) -> -2.0741913
A3: =TAN(Reals!A3) -> -4.5338513
A4: =TAN(Reals!A4) -> -0.89955456
A5: =TAN(Reals!A5) -> -0.79475301
A6: =TAN(Reals!A6) -> -0.027966039
A7: =TAN(Reals!A7) -> 5.1698838
A8: =TAN(Reals!A8) -> -622.30469
A9: =TAN(Reals!A9) -> 0.41322011
A10: =TAN(Reals!A10) -> 0.20260413
A11: =TAN(Reals!A11) -> -0.7119686
A12: =TAN(Reals!A12) -> 0.082981365
... A72: =TAN(Reals!A72) -> -0.46353083

Sheet Atan
A1: =ATAN(Reals!A1) -> -1.4096756
A2: =ATAN(Reals!A2) -> -1.3403935
A3: =ATAN(Reals!A3) -> -1.4405938
A4: =ATAN(Reals!A4) -> -1.3181897
A5: =ATAN(Reals!A5) -> -1.31432
A6: =ATAN(Reals!A6) -> -1.4136529
A7: =ATAN(Reals!A7) -> 0.94363199
A8: =ATAN(Reals!A8) -> 1.3617609
A9: =ATAN(Reals!A9) -> -1.4026581
A10: =ATAN(Reals!A10) -> 0.19729774
A11: =ATAN(Reals!A11) -> -1.4269099
A12: =ATAN(Reals!A12) -> 1.4660023
... A72: =ATAN(Reals!A72) -> 1.5707962

Sheet Sinh
A1: =SINH(Reals!A1) -> -234.99692
A2: =SINH(Reals!A2) -> -35.509689
A3: =SINH(Reals!A3) -> -1036.6472
A4: =SINH(Reals!A4) -> -24.060774
A5: =SINH(Reals!A5) -> -22.634861
A6: =SINH(Reals!A6) -> -275.33639
A7: =SINH(Reals!A7) -> 1.8610867
A8: =SINH(Reals!A8) -> 55.743917
A9: =SINH(Reals!A9) -> -180.94257
A10: =SINH(Reals!A10) -> 0.20123223
A11: =SINH(Reals!A11) -> -497.07982
A12: =SINH(Reals!A12) -> 6730.6194
... A72: =SINH(Reals!A72) -> #NUM!

Sheet Cosh
A1: =COSH(Reals!A1) -> 234.99905
A2: =COSH(Reals!A2) -> 35.523767
A3: =COSH(Reals!A3) -> 1036.6477
A4: =COSH(Reals!A4) -> 24.081545
A5: =COSH(Reals!A5) -> 22.65694
A6: =COSH(Reals!A6) -> 275.3382
A7: =COSH(Reals!A7) -> 2.1127337
A8: =COSH(Reals!A8) -> 55.752885
A9: =COSH(Reals!A9) -> 180.94533
A10: =COSH(Reals!A10) -> 1.0200463
A11: =COSH(Reals!A11) -> 497.08082
A12: =COSH(Reals!A12) -> 6730.6195
... A72: =COSH(Reals!A72) -> #NUM!

Sheet Tanh
A1: =TANH(Reals!A1) -> -0.99999095
A2: =TANH(Reals!A2) -> -0.99960371
A3: =TANH(Reals!A3) -> -0.99999953
A4: =TANH(Reals!A4) -> -0.99913744
A5: =TANH(Reals!A5) -> -0.99902551
A6: =TANH(Reals!A6) -> -0.9999934
A7: =TANH(Reals!A7) -> 0.88089034
A8: =TANH(Reals!A8) -> 0.99983913
A9: =TANH(Reals!A9) -> -0.99998473
A10: =TANH(Reals!A10) -> 0.19727755
A11: =TANH(Reals!A11) -> -0.99999798
A12: =TANH(Reals!A12) -> 0.99999999
... A72: =TANH(Reals!A72) -> 1

Sheet Sqrt
A1: =SQRT(ABS(Reals!A1)) -> 2.4804685
A2: =SQRT(ABS(Reals!A2)) -> 2.0647399
A3: =SQRT(ABS(Reals!A3)) -> 2.7634931
A4: =SQRT(ABS(Reals!A4)) -> 1.968289
A5: =SQRT(ABS(Reals!A5)) -> 1.9527227
A6: =SQRT(ABS(Reals!A6)) -> 2.512199
A7: =SQRT(ABS(Reals!A7)) -> 1.1746182
A8: =SQRT(ABS(Reals!A8)) -> 2.1711739
A9: =SQRT(ABS(Reals!A9)) -> 2.4272071
A10: =SQRT(ABS(Reals!A10)) -> 0.44709984
A11: =SQRT(ABS(Reals!A11)) -> 2.6271465
A12: =SQRT(ABS(Reals!A12)) -> 3.0834347
... A72: =SQRT(ABS(Reals!A72)) -> 3162.2777

Sheet Asin
A1: =ASIN(Reals!A1/10) -> -0.66273148
A2: =ASIN(Reals!A2/10) -> -0.44041522
A3: =ASIN(Reals!A3/10) -> -0.86900884
A4: =ASIN(Reals!A4/10) -> -0.39782722
A5: =ASIN(Reals!A5/10) -> -0.39121576
A6: =ASIN(Reals!A6/10) -> -0.68298904
A7: =ASIN(Reals!A7/10) -> 0.13841434
A8: =ASIN(Reals!A8/10) -> 0.49087709
A9: =ASIN(Reals!A9/10) -> -0.629986
A10: =ASIN(Reals!A10/10) -> 0.019991159
A11: =ASIN(Reals!A11/10) -> -0.76175142
A12: =ASIN(Reals!A12/10) -> 1.2556691
... A72: =ASIN(Reals!A72/10) -> #NUM!

Sheet Acos
A1: =ACOS(Reals!A1/10) -> 2.2335278
A2: =ACOS(Reals!A2/10) -> 2.0112115
A3: =ACOS(Reals!A3/10) -> 2.4398052
A4: =ACOS(Reals!A4/10) -> 1.9686235
A5: =ACOS(Reals!A5/10) -> 1.9620121
A6: =ACOS(Reals!A6/10) -> 2.2537854
A7: =ACOS(Reals!A7/10) -> 1.432382
A8: =ACOS(Reals!A8/10) -> 1.0799192
A9: =ACOS(Reals!A9/10) -> 2.2007823
A10: =ACOS(Reals!A10/10) -> 1.5508052
A11: =ACOS(Reals!A11/10) -> 2.3325477
A12: =ACOS(Reals!A12/10) -> 0.3151272
... A72: =ACOS(Reals!A72/10) -> #NUM!

Sheet Log10
A1: =LOG10(ABS(Reals!A1)) -> 0.78906744
A2: =LOG10(ABS(Reals!A2)) -> 0.62973071
A3: =LOG10(ABS(Reals!A3)) -> 0.88291678
A4: =LOG10(ABS(Reals!A4)) -> 0.58817773
A5: =LOG10(ABS(Reals!A5)) -> 0.58128116
A6: =LOG10(ABS(Reals!A6)) -> 0.80010809
A7: =LOG10(ABS(Reals!A7)) -> 0.13979347
A8: =LOG10(ABS(Reals!A8)) -> 0.6733892
A9: =LOG10(ABS(Reals!A9)) -> 0.77021368
A10: =LOG10(ABS(Reals!A10)) -> -0.69919096
A11: =LOG10(ABS(Reals!A11)) -> 0.83896859
A12: =LOG10(ABS(Reals!A12)) -> 0.97806952
... A72: =LOG10(ABS(Reals!A72)) -> 7

Sheet Log2
A1: =LOG(ABS(Reals!A1),2) -> 2.6212253
A2: =LOG(ABS(Reals!A2),2) -> 2.0919201
A3: =LOG(ABS(Reals!A3),2) -> 2.9329861
A4: =LOG(ABS(Reals!A4),2) -> 1.9538841
A5: =LOG(ABS(Reals!A5),2) -> 1.9309742
A6: =LOG(ABS(Reals!A6),2) -> 2.6579016
A7: =LOG(ABS(Reals!A7),2) -> 0.46438384
A8: =LOG(ABS(Reals!A8),2) -> 2.2369505
A9: =LOG(ABS(Reals!A9),2) -> 2.5585945
A10: =LOG(ABS(Reals!A10),2) -> -2.3226621
A11: =LOG(ABS(Reals!A11),2) -> 2.7869933
A12: =LOG(ABS(Reals!A12),2) -> 3.2490766
... A72: =LOG(ABS(Reals!A72),2) -> 23.253497

Sheet Degrees
A1: =DEGREES(Reals!A1) -> -352.52513
A2: =DEGREES(Reals!A2) -> -244.26056
A3: =DEGREES(Reals!A3) -> -437.56181
A4: =DEGREES(Reals!A4) -> -221.97311
A5: =DEGREES(Reals!A5) -> -218.47603
A6: =DEGREES(Reals!A6) -> -361.60192
A7: =DEGREES(Reals!A7) -> 79.052589
A8: =DEGREES(Reals!A8) -> 270.09207
A9: =DEGREES(Reals!A9) -> -337.5486
A10: =DEGREES(Reals!A10) -> 11.453327
A11: =DEGREES(Reals!A11) -> -395.44967
A12: =DEGREES(Reals!A12) -> 544.74361
... A72: =DEGREES(Reals!A72) -> 5.729578e+08

Sheet Radians
A1: =RADIANS(Reals!A1) -> -0.10738529
A2: =RADIANS(Reals!A2) -> -0.074406021
A3: =RADIANS(Reals!A3) -> -0.13328895
A4: =RADIANS(Reals!A4) -> -0.067616876
A5: =RADIANS(Reals!A5) -> -0.066551604
A6: =RADIANS(Reals!A6) -> -0.11015024
A7: =RADIANS(Reals!A7) -> 0.024080796
A8: =RADIANS(Reals!A8) -> 0.08227475
A9: =RADIANS(Reals!A9) -> -0.10282318
A10: =RADIANS(Reals!A10) -> 0.003488883
A11: =RADIANS(Reals!A11) -> -0.12046086
A12: =RADIANS(Reals!A12) -> 0.16593839
... A72: =RADIANS(Reals!A72) -> 174532.93

Sheet Atan2
A1: =ATAN2(Reals!A1,Reals!A2) -> -2.5356556
A2: =ATAN2(Reals!A2,Reals!A3) -> -2.0799369
A3: =ATAN2(Reals!A3,Reals!A4) -> -2.6721257
A4: =ATAN2(Reals!A4,Reals!A5) -> -2.3641341
A5: =ATAN2(Reals!A5,Reals!A6) -> -2.1142905
A6: =ATAN2(Reals!A6,Reals!A7) -> 2.9263612
A7: =ATAN2(Reals!A7,Reals!A8) -> 1.2860616
A8: =ATAN2(Reals!A8,Reals!A9) -> -0.89595931
A9: =ATAN2(Reals!A9,Reals!A10) -> 3.1076748
A10: =ATAN2(Reals!A10,Reals!A11) -> -1.5418416
A11: =ATAN2(Reals!A11,Reals!A12) -> 2.1987186
A12: =ATAN2(Reals!A12,Reals!A13) -> -0.36147678
... A71: =ATAN2(Reals!A71,Reals!A72) -> 1.5607967
A72: =ATAN2(Reals!A72,Reals!A1) -> -6.1527241e-07

Sheet Round
A1: =ROUND(Rounding!A1,Rounding!B1) -> 2.68
A2: =ROUND(Rounding!A2,Rounding!B2) -> 2.68
A3: =ROUND(Rounding!A3,Rounding!B3) -> 2.68
A4: =ROUND(Rounding!A4,Rounding!B4) -> 2.68
A5: =ROUND(Rounding!A5,Rounding!B5) -> 2.68
A6: =ROUND(Rounding!A6,Rounding!B6) -> 1.01
A7: =ROUND(Rounding!A7,Rounding!B7) -> 1.01
A8: =ROUND(Rounding!A8,Rounding!B8) -> 1.01
A9: =ROUND(Rounding!A9,Rounding!B9) -> 1.01
A10: =ROUND(Rounding!A10,Rounding!B10) -> 1.01
A11: =ROUND(Rounding!A11,Rounding!B11) -> 0.29
A12: =ROUND(Rounding!A12,Rounding!B12) -> 0.29
... A130: =ROUND(Rounding!A130,Rounding!B130) -> 0.3

Sheet RoundUp
A1: =ROUNDUP(Rounding!A1,Rounding!B1) -> 2.68
A2: =ROUNDUP(Rounding!A2,Rounding!B2) -> 2.68
A3: =ROUNDUP(Rounding!A3,Rounding!B3) -> 2.68
A4: =ROUNDUP(Rounding!A4,Rounding!B4) -> 2.68
A5: =ROUNDUP(Rounding!A5,Rounding!B5) -> 2.68
A6: =ROUNDUP(Rounding!A6,Rounding!B6) -> 1.01
A7: =ROUNDUP(Rounding!A7,Rounding!B7) -> 1.01
A8: =ROUNDUP(Rounding!A8,Rounding!B8) -> 1.01
A9: =ROUNDUP(Rounding!A9,Rounding!B9) -> 1.01
A10: =ROUNDUP(Rounding!A10,Rounding!B10) -> 1.01
A11: =ROUNDUP(Rounding!A11,Rounding!B11) -> 0.29
A12: =ROUNDUP(Rounding!A12,Rounding!B12) -> 0.29
... A130: =ROUNDUP(Rounding!A130,Rounding!B130) -> 0.3

Sheet RoundDown
A1: =ROUNDDOWN(Rounding!A1,Rounding!B1) -> 2.67
A2: =ROUNDDOWN(Rounding!A2,Rounding!B2) -> 2.67
A3: =ROUNDDOWN(Rounding!A3,Rounding!B3) -> 2.67
A4: =ROUNDDOWN(Rounding!A4,Rounding!B4) -> 2.67
A5: =ROUNDDOWN(Rounding!A5,Rounding!B5) -> 2.67
A6: =ROUNDDOWN(Rounding!A6,Rounding!B6) -> 1
A7: =ROUNDDOWN(Rounding!A7,Rounding!B7) -> 1
A8: =ROUNDDOWN(Rounding!A8,Rounding!B8) -> 1
A9: =ROUNDDOWN(Rounding!A9,Rounding!B9) -> 1
A10: =ROUNDDOWN(Rounding!A10,Rounding!B10) -> 1
A11: =ROUNDDOWN(Rounding!A11,Rounding!B11) -> 0.28
A12: =ROUNDDOWN(Rounding!A12,Rounding!B12) -> 0.28
... A130: =ROUNDDOWN(Rounding!A130,Rounding!B130) -> 0.3

Sheet Trunc
A1: =TRUNC(Rounding!A1,Rounding!B1) -> 2.67
A2: =TRUNC(Rounding!A2,Rounding!B2) -> 2.67
A3: =TRUNC(Rounding!A3,Rounding!B3) -> 2.67
A4: =TRUNC(Rounding!A4,Rounding!B4) -> 2.67
A5: =TRUNC(Rounding!A5,Rounding!B5) -> 2.67
A6: =TRUNC(Rounding!A6,Rounding!B6) -> 1
A7: =TRUNC(Rounding!A7,Rounding!B7) -> 1
A8: =TRUNC(Rounding!A8,Rounding!B8) -> 1
A9: =TRUNC(Rounding!A9,Rounding!B9) -> 1
A10: =TRUNC(Rounding!A10,Rounding!B10) -> 1
A11: =TRUNC(Rounding!A11,Rounding!B11) -> 0.28
A12: =TRUNC(Rounding!A12,Rounding!B12) -> 0.28
... A130: =TRUNC(Rounding!A130,Rounding!B130) -> 0.3

Sheet Int
A1: =INT(Wholes!A1) -> 3
A2: =INT(Wholes!A2) -> 3
A3: =INT(Wholes!A3) -> 3
A4: =INT(Wholes!A4) -> 3
A5: =INT(Wholes!A5) -> 3
A6: =INT(Wholes!A6) -> 3
A7: =INT(Wholes!A7) -> 3
A8: =INT(Wholes!A8) -> 3
A9: =INT(Wholes!A9) -> 3
A10: =INT(Wholes!A10) -> -3
A11: =INT(Wholes!A11) -> -3
A12: =INT(Wholes!A12) -> -3
... A90: =INT(Wholes!A90) -> 3

Sheet TruncWhole
A1: =TRUNC(Wholes!A1) -> 3
A2: =TRUNC(Wholes!A2) -> 3
A3: =TRUNC(Wholes!A3) -> 3
A4: =TRUNC(Wholes!A4) -> 3
A5: =TRUNC(Wholes!A5) -> 3
A6: =TRUNC(Wholes!A6) -> 3
A7: =TRUNC(Wholes!A7) -> 3
A8: =TRUNC(Wholes!A8) -> 3
A9: =TRUNC(Wholes!A9) -> 3
A10: =TRUNC(Wholes!A10) -> -3
A11: =TRUNC(Wholes!A11) -> -3
A12: =TRUNC(Wholes!A12) -> -3
... A90: =TRUNC(Wholes!A90) -> 3

Sheet Mod
A1: =MOD(Divisions!A1,Divisions!B1) -> 0.1
A2: =MOD(Divisions!A2,Divisions!B2) -> 1.5
A3: =MOD(Divisions!A3,Divisions!B3) -> 1
A4: =MOD(Divisions!A4,Divisions!B4) -> 2
A5: =MOD(Divisions!A5,Divisions!B5) -> 3
A6: =MOD(Divisions!A6,Divisions!B6) -> 0.1
A7: =MOD(Divisions!A7,Divisions!B7) -> 0.1
A8: =MOD(Divisions!A8,Divisions!B8) -> 4.4408921e-16
A9: =MOD(Divisions!A9,Divisions!B9) -> 0.7
A10: =MOD(Divisions!A10,Divisions!B10) -> -0.7
A11: =MOD(Divisions!A11,Divisions!B11) -> #NUM!
A12: =MOD(Divisions!A12,Divisions!B12) -> #NUM!
... A28: =MOD(Divisions!A28,Divisions!B28) -> 2.2

Sheet Quotient
A1: =QUOTIENT(Divisions!A1,Divisions!B1) -> 3
A2: =QUOTIENT(Divisions!A2,Divisions!B2) -> 2
A3: =QUOTIENT(Divisions!A3,Divisions!B3) -> 3333333333
A4: =QUOTIENT(Divisions!A4,Divisions!B4) -> 44739242
A5: =QUOTIENT(Divisions!A5,Divisions!B5) -> 21428571
A6: =QUOTIENT(Divisions!A6,Divisions!B6) -> 10
A7: =QUOTIENT(Divisions!A7,Divisions!B7) -> 2
A8: =QUOTIENT(Divisions!A8,Divisions!B8) -> 10
A9: =QUOTIENT(Divisions!A9,Divisions!B9) -> -10
A10: =QUOTIENT(Divisions!A10,Divisions!B10) -> -10
A11: =QUOTIENT(Divisions!A11,Divisions!B11) -> 142857142857142
A12: =QUOTIENT(Divisions!A12,Divisions!B12) -> 833333333333333
... A28: =QUOTIENT(Divisions!A28,Divisions!B28) -> 5

Sheet Ceiling
A1: =CEILING(Divisions!A1,Divisions!B1) -> 13.2
A2: =CEILING(Divisions!A2,Divisions!B2) -> 6
A3: =CEILING(Divisions!A3,Divisions!B3) -> 10000000002
A4: =CEILING(Divisions!A4,Divisions!B4) -> 134217729
A5: =CEILING(Divisions!A5,Divisions!B5) -> 150000004
A6: =CEILING(Divisions!A6,Divisions!B6) -> 1
A7: =CEILING(Divisions!A7,Divisions!B7) -> 0.3
A8: =CEILING(Divisions!A8,Divisions!B8) -> 7
A9: =CEILING(Divisions!A9,Divisions!B9) -> -7
A10: =CEILING(Divisions!A10,Divisions!B10) -> #NUM!
A11: =CEILING(Divisions!A11,Divisions!B11) -> 1e+15
A12: =CEILING(Divisions!A12,Divisions!B12) -> 2.5e+15
... A28: =CEILING(Divisions!A28,Divisions!B28) -> 11

Sheet Floor
A1: =FLOOR(Divisions!A1,Divisions!B1) -> 9.9
A2: =FLOOR(Divisions!A2,Divisions!B2) -> 4
A3: =FLOOR(Divisions!A3,Divisions!B3) -> 9999999999
A4: =FLOOR(Divisions!A4,Divisions!B4) -> 134217726
A5: =FLOOR(Divisions!A5,Divisions!B5) -> 149999997
A6: =FLOOR(Divisions!A6,Divisions!B6) -> 1
A7: =FLOOR(Divisions!A7,Divisions!B7) -> 0.3
A8: =FLOOR(Divisions!A8,Divisions!B8) -> 7
A9: =FLOOR(Divisions!A9,Divisions!B9) -> -7
A10: =FLOOR(Divisions!A10,Divisions!B10) -> #NUM!
A11: =FLOOR(Divisions!A11,Divisions!B11) -> 1e+15
A12: =FLOOR(Divisions!A12,Divisions!B12) -> 2.5e+15
... A28: =FLOOR(Divisions!A28,Divisions!B28) -> 11

Sheet MRound
A1: =MROUND(Divisions!A1,Divisions!B1) -> 9.9
A2: =MROUND(Divisions!A2,Divisions!B2) -> 6
A3: =MROUND(Divisions!A3,Divisions!B3) -> 9999999999
A4: =MROUND(Divisions!A4,Divisions!B4) -> 134217729
A5: =MROUND(Divisions!A5,Divisions!B5) -> 149999997
A6: =MROUND(Divisions!A6,Divisions!B6) -> 1
A7: =MROUND(Divisions!A7,Divisions!B7) -> 0.3
A8: =MROUND(Divisions!A8,Divisions!B8) -> 7
A9: =MROUND(Divisions!A9,Divisions!B9) -> #NUM!
A10: =MROUND(Divisions!A10,Divisions!B10) -> #NUM!
A11: =MROUND(Divisions!A11,Divisions!B11) -> 1e+15
A12: =MROUND(Divisions!A12,Divisions!B12) -> 2.5e+15
... A28: =MROUND(Divisions!A28,Divisions!B28) -> 11

Sheet CeilingMath
A1: =_xlfn.CEILING.MATH(Divisions!A1,Divisions!B1) -> 13.2
A2: =_xlfn.CEILING.MATH(Divisions!A2,Divisions!B2) -> 6
A3: =_xlfn.CEILING.MATH(Divisions!A3,Divisions!B3) -> 10000000002
A4: =_xlfn.CEILING.MATH(Divisions!A4,Divisions!B4) -> 134217729
A5: =_xlfn.CEILING.MATH(Divisions!A5,Divisions!B5) -> 150000004
A6: =_xlfn.CEILING.MATH(Divisions!A6,Divisions!B6) -> 1
A7: =_xlfn.CEILING.MATH(Divisions!A7,Divisions!B7) -> 0.3
A8: =_xlfn.CEILING.MATH(Divisions!A8,Divisions!B8) -> 7
A9: =_xlfn.CEILING.MATH(Divisions!A9,Divisions!B9) -> -7
A10: =_xlfn.CEILING.MATH(Divisions!A10,Divisions!B10) -> 7
A11: =_xlfn.CEILING.MATH(Divisions!A11,Divisions!B11) -> 1e+15
A12: =_xlfn.CEILING.MATH(Divisions!A12,Divisions!B12) -> 2.5e+15
... A28: =_xlfn.CEILING.MATH(Divisions!A28,Divisions!B28) -> 11

Sheet FloorMath
A1: =_xlfn.FLOOR.MATH(Divisions!A1,Divisions!B1) -> 9.9
A2: =_xlfn.FLOOR.MATH(Divisions!A2,Divisions!B2) -> 4
A3: =_xlfn.FLOOR.MATH(Divisions!A3,Divisions!B3) -> 9999999999
A4: =_xlfn.FLOOR.MATH(Divisions!A4,Divisions!B4) -> 134217726
A5: =_xlfn.FLOOR.MATH(Divisions!A5,Divisions!B5) -> 149999997
A6: =_xlfn.FLOOR.MATH(Divisions!A6,Divisions!B6) -> 1
A7: =_xlfn.FLOOR.MATH(Divisions!A7,Divisions!B7) -> 0.3
A8: =_xlfn.FLOOR.MATH(Divisions!A8,Divisions!B8) -> 7
A9: =_xlfn.FLOOR.MATH(Divisions!A9,Divisions!B9) -> -7
A10: =_xlfn.FLOOR.MATH(Divisions!A10,Divisions!B10) -> 7
A11: =_xlfn.FLOOR.MATH(Divisions!A11,Divisions!B11) -> 1e+15
A12: =_xlfn.FLOOR.MATH(Divisions!A12,Divisions!B12) -> 2.5e+15
... A28: =_xlfn.FLOOR.MATH(Divisions!A28,Divisions!B28) -> 11

Sheet Hour
A1: =HOUR(Times!A1) -> 12
A2: =HOUR(Times!A2) -> 12
A3: =HOUR(Times!A3) -> 12
A4: =HOUR(Times!A4) -> 11
A5: =HOUR(Times!A5) -> 12
A6: =HOUR(Times!A6) -> 12
A7: =HOUR(Times!A7) -> 18
A8: =HOUR(Times!A8) -> 18
A9: =HOUR(Times!A9) -> 18
A10: =HOUR(Times!A10) -> 17
A11: =HOUR(Times!A11) -> 18
A12: =HOUR(Times!A12) -> 18
... A54: =HOUR(Times!A54) -> 12

Sheet Minute
A1: =MINUTE(Times!A1) -> 0
A2: =MINUTE(Times!A2) -> 0
A3: =MINUTE(Times!A3) -> 0
A4: =MINUTE(Times!A4) -> 59
A5: =MINUTE(Times!A5) -> 0
A6: =MINUTE(Times!A6) -> 0
A7: =MINUTE(Times!A7) -> 0
A8: =MINUTE(Times!A8) -> 0
A9: =MINUTE(Times!A9) -> 0
A10: =MINUTE(Times!A10) -> 59
A11: =MINUTE(Times!A11) -> 0
A12: =MINUTE(Times!A12) -> 0
... A54: =MINUTE(Times!A54) -> 0

Sheet Second
A1: =SECOND(Times!A1) -> 0
A2: =SECOND(Times!A2) -> 0
A3: =SECOND(Times!A3) -> 0
A4: =SECOND(Times!A4) -> 59
A5: =SECOND(Times!A5) -> 0
A6: =SECOND(Times!A6) -> 0
A7: =SECOND(Times!A7) -> 0
A8: =SECOND(Times!A8) -> 0
A9: =SECOND(Times!A9) -> 0
A10: =SECOND(Times!A10) -> 59
A11: =SECOND(Times!A11) -> 0
A12: =SECOND(Times!A12) -> 0
... A54: =SECOND(Times!A54) -> 1

Sheet Days360
A1: =DAYS360(DatePairs!A1,DatePairs!B1) -> 29
A2: =DAYS360(DatePairs!A2,DatePairs!B2) -> 30
A3: =DAYS360(DatePairs!A3,DatePairs!B3) -> 30
A4: =DAYS360(DatePairs!A4,DatePairs!B4) -> 60
A5: =DAYS360(DatePairs!A5,DatePairs!B5) -> 360
A6: =DAYS360(DatePairs!A6,DatePairs!B6) -> 360
A7: =DAYS360(DatePairs!A7,DatePairs!B7) -> 613
A8: =DAYS360(DatePairs!A8,DatePairs!B8) -> 359
A9: =DAYS360(DatePairs!A9,DatePairs!B9) -> 358
A10: =DAYS360(DatePairs!A10,DatePairs!B10) -> 30
A11: =DAYS360(DatePairs!A11,DatePairs!B11) -> 90
A12: =DAYS360(DatePairs!A12,DatePairs!B12) -> 90
... A18: =DAYS360(DatePairs!A18,DatePairs!B18) -> 61

Sheet Days360Europe
A1: =DAYS360(DatePairs!A1,DatePairs!B1,TRUE) -> 29
A2: =DAYS360(DatePairs!A2,DatePairs!B2,TRUE) -> 31
A3: =DAYS360(DatePairs!A3,DatePairs!B3,TRUE) -> 32
A4: =DAYS360(DatePairs!A4,DatePairs!B4,TRUE) -> 60
A5: =DAYS360(DatePairs!A5,DatePairs!B5,TRUE) -> 360
A6: =DAYS360(DatePairs!A6,DatePairs!B6,TRUE) -> 359
A7: =DAYS360(DatePairs!A7,DatePairs!B7,TRUE) -> 613
A8: =DAYS360(DatePairs!A8,DatePairs!B8,TRUE) -> 361
A9: =DAYS360(DatePairs!A9,DatePairs!B9,TRUE) -> 359
A10: =DAYS360(DatePairs!A10,DatePairs!B10,TRUE) -> 32
A11: =DAYS360(DatePairs!A11,DatePairs!B11,TRUE) -> 90
A12: =DAYS360(DatePairs!A12,DatePairs!B12,TRUE) -> 90
... A18: =DAYS360(DatePairs!A18,DatePairs!B18,TRUE) -> 61

Sheet YearFrac0
A1: =YEARFRAC(DatePairs!A1,DatePairs!B1,0) -> 0.080555556
A2: =YEARFRAC(DatePairs!A2,DatePairs!B2,0) -> 0.086111111
A3: =YEARFRAC(DatePairs!A3,DatePairs!B3,0) -> 0.086111111
A4: =YEARFRAC(DatePairs!A4,DatePairs!B4,0) -> 0.16666667
A5: =YEARFRAC(DatePairs!A5,DatePairs!B5,0) -> 1
A6: =YEARFRAC(DatePairs!A6,DatePairs!B6,0) -> 1
A7: =YEARFRAC(DatePairs!A7,DatePairs!B7,0) -> 1.7027778
A8: =YEARFRAC(DatePairs!A8,DatePairs!B8,0) -> 1
A9: =YEARFRAC(DatePairs!A9,DatePairs!B9,0) -> 1
A10: =YEARFRAC(DatePairs!A10,DatePairs!B10,0) -> 0.086111111
A11: =YEARFRAC(DatePairs!A11,DatePairs!B11,0) -> 0.25
A12: =YEARFRAC(DatePairs!A12,DatePairs!B12,0) -> 0.25
... A18: =YEARFRAC(DatePairs!A18,DatePairs!B18,0) -> 0.16944444

Sheet YearFrac1
A1: =YEARFRAC(DatePairs!A1,DatePairs!B1,1) -> 0.079234973
A2: =YEARFRAC(DatePairs!A2,DatePairs!B2,1) -> 0.084699454
A3: =YEARFRAC(DatePairs!A3,DatePairs!B3,1) -> 0.084931507
A4: =YEARFRAC(DatePairs!A4,DatePairs!B4,1) -> 0.16666667
A5: =YEARFRAC(DatePairs!A5,DatePairs!B5,1) -> 0.99726027
A6: =YEARFRAC(DatePairs!A6,DatePairs!B6,1) -> 0.99726776
A7: =YEARFRAC(DatePairs!A7,DatePairs!B7,1) -> 1.7080292
A8: =YEARFRAC(DatePairs!A8,DatePairs!B8,1) -> 1.001368
A9: =YEARFRAC(DatePairs!A9,DatePairs!B9,1) -> 0.99726776
A10: =YEARFRAC(DatePairs!A10,DatePairs!B10,1) -> 0.084931507
A11: =YEARFRAC(DatePairs!A11,DatePairs!B11,1) -> 0.25136612
A12: =YEARFRAC(DatePairs!A12,DatePairs!B12,1) -> 0.25409836
... A18: =YEARFRAC(DatePairs!A18,DatePairs!B18,1) -> 0.16666667

Sheet YearFrac2
A1: =YEARFRAC(DatePairs!A1,DatePairs!B1,2) -> 0.080555556
A2: =YEARFRAC(DatePairs!A2,DatePairs!B2,2) -> 0.086111111
A3: =YEARFRAC(DatePairs!A3,DatePairs!B3,2) -> 0.086111111
A4: =YEARFRAC(DatePairs!A4,DatePairs!B4,2) -> 0.16944444
A5: =YEARFRAC(DatePairs!A5,DatePairs!B5,2) -> 1.0111111
A6: =YEARFRAC(DatePairs!A6,DatePairs!B6,2) -> 1.0138889
A7: =YEARFRAC(DatePairs!A7,DatePairs!B7,2) -> 1.7333333
A8: =YEARFRAC(DatePairs!A8,DatePairs!B8,2) -> 1.0166667
A9: =YEARFRAC(DatePairs!A9,DatePairs!B9,2) -> 1.0138889
A10: =YEARFRAC(DatePairs!A10,DatePairs!B10,2) -> 0.086111111
A11: =YEARFRAC(DatePairs!A11,DatePairs!B11,2) -> 0.25555556
A12: =YEARFRAC(DatePairs!A12,DatePairs!B12,2) -> 0.25833333
... A18: =YEARFRAC(DatePairs!A18,DatePairs!B18,2) -> 0.16944444

Sheet YearFrac3
A1: =YEARFRAC(DatePairs!A1,DatePairs!B1,3) -> 0.079452055
A2: =YEARFRAC(DatePairs!A2,DatePairs!B2,3) -> 0.084931507
A3: =YEARFRAC(DatePairs!A3,DatePairs!B3,3) -> 0.084931507
A4: =YEARFRAC(DatePairs!A4,DatePairs!B4,3) -> 0.16712329
A5: =YEARFRAC(DatePairs!A5,DatePairs!B5,3) -> 0.99726027
A6: =YEARFRAC(DatePairs!A6,DatePairs!B6,3) -> 1
A7: =YEARFRAC(DatePairs!A7,DatePairs!B7,3) -> 1.709589
A8: =YEARFRAC(DatePairs!A8,DatePairs!B8,3) -> 1.0027397
A9: =YEARFRAC(DatePairs!A9,DatePairs!B9,3) -> 1
A10: =YEARFRAC(DatePairs!A10,DatePairs!B10,3) -> 0.084931507
A11: =YEARFRAC(DatePairs!A11,DatePairs!B11,3) -> 0.25205479
A12: =YEARFRAC(DatePairs!A12,DatePairs!B12,3) -> 0.25479452
... A18: =YEARFRAC(DatePairs!A18,DatePairs!B18,3) -> 0.16712329

Sheet YearFrac4
A1: =YEARFRAC(DatePairs!A1,DatePairs!B1,4) -> 0.080555556
A2: =YEARFRAC(DatePairs!A2,DatePairs!B2,4) -> 0.086111111
A3: =YEARFRAC(DatePairs!A3,DatePairs!B3,4) -> 0.088888889
A4: =YEARFRAC(DatePairs!A4,DatePairs!B4,4) -> 0.16666667
A5: =YEARFRAC(DatePairs!A5,DatePairs!B5,4) -> 1
A6: =YEARFRAC(DatePairs!A6,DatePairs!B6,4) -> 0.99722222
A7: =YEARFRAC(DatePairs!A7,DatePairs!B7,4) -> 1.7027778
A8: =YEARFRAC(DatePairs!A8,DatePairs!B8,4) -> 1.0027778
A9: =YEARFRAC(DatePairs!A9,DatePairs!B9,4) -> 0.99722222
A10: =YEARFRAC(DatePairs!A10,DatePairs!B10,4) -> 0.088888889
A11: =YEARFRAC(DatePairs!A11,DatePairs!B11,4) -> 0.25
A12: =YEARFRAC(DatePairs!A12,DatePairs!B12,4) -> 0.25
... A18: =YEARFRAC(DatePairs!A18,DatePairs!B18,4) -> 0.16944444

Sheet CountIf
A1: =COUNTIF(Crit!A1:A30,"") -> 2
A2: =COUNTIF(Crit!A1:A30,"=") -> 1
A3: =COUNTIF(Crit!A1:A30,"<>") -> 29
A4: =COUNTIF(Crit!A1:A30,"=10") -> 4
A5: =COUNTIF(Crit!A1:A30,"10") -> 4
A6: =COUNTIF(Crit!A1:A30,10) -> 4
A7: =COUNTIF(Crit!A1:A30,">5") -> 3
A8: =COUNTIF(Crit!A1:A30,"<5") -> 3
A9: =COUNTIF(Crit!A1:A30,">=10") -> 3
A10: =COUNTIF(Crit!A1:A30,"<>10") -> 29
A11: =COUNTIF(Crit!A1:A30,"a*") -> 5
A12: =COUNTIF(Crit!A1:A30,"*") -> 19
A13: =COUNTIF(Crit!A1:A30,"?") -> 6
A14: =COUNTIF(Crit!A1:A30,"ß") -> 3
A15: =COUNTIF(Crit!A1:A30,"SS") -> 3
A16: =COUNTIF(Crit!A1:A30,"æ") -> 2
A17: =COUNTIF(Crit!A1:A30,"ae") -> 2
A18: =COUNTIF(Crit!A1:A30,"é") -> 1
A19: =COUNTIF(Crit!A1:A30,"e") -> 1
A20: =COUNTIF(Crit!A1:A30,TRUE) -> 1
A21: =COUNTIF(Crit!A1:A30,"TRUE") -> 1
A22: =COUNTIF(Crit!A1:A30,"#N/A") -> 1
A23: =COUNTIF(Crit!A1:A30,"<>#N/A") -> 29
A24: =COUNTIF(Crit!A1:A30,">a") -> 12
A25: =COUNTIF(Crit!A1:A30,"<z") -> 19
A26: =COUNTIF(Crit!A1:A30,"1/2/2020") -> 3
A27: =COUNTIF(Crit!A1:A30,">1/1/2020") -> 2
A28: =COUNTIF(Crit!A1:A30,"12:00") -> 1
A29: =COUNTIF(Crit!A1:A30," 10") -> 4
A30: =COUNTIF(Crit!A1:A30,"10 ") -> 4
A31: =COUNTIF(Crit!A1:A30,"~*") -> 1
A32: =COUNTIF(Crit!A1:A30,"=a*e") -> 4
A33: =COUNTIF(Crit!A1:A30,"<>abc") -> 29
A34: =COUNTIF(Crit!A1:A30,Crit!D1) -> 1
A35: =COUNTIF(Crit!A1:A30,"=5") -> 2
A36: =COUNTIF(Crit!A1:A30,">4.5") -> 4
A37: =COUNTIF(Crit!A1:A30,"<>5") -> 29

Sheet SumIf
A1: =SUMIF(Crit!A1:A30,"",Crit!B1:B30) -> 37
A2: =SUMIF(Crit!A1:A30,"=",Crit!B1:B30) -> 19
A3: =SUMIF(Crit!A1:A30,"<>",Crit!B1:B30) -> 446
A4: =SUMIF(Crit!A1:A30,"=10",Crit!B1:B30) -> 32
A5: =SUMIF(Crit!A1:A30,"10",Crit!B1:B30) -> 32
A6: =SUMIF(Crit!A1:A30,10,Crit!B1:B30) -> 32
A7: =SUMIF(Crit!A1:A30,">5",Crit!B1:B30) -> 46
A8: =SUMIF(Crit!A1:A30,"<5",Crit!B1:B30) -> 84
A9: =SUMIF(Crit!A1:A30,">=10",Crit!B1:B30) -> 46
A10: =SUMIF(Crit!A1:A30,"<>10",Crit!B1:B30) -> 464
A11: =SUMIF(Crit!A1:A30,"a*",Crit!B1:B30) -> 51
A12: =SUMIF(Crit!A1:A30,"*",Crit!B1:B30) -> 250
A13: =SUMIF(Crit!A1:A30,"?",Crit!B1:B30) -> 87
A14: =SUMIF(Crit!A1:A30,"ß",Crit!B1:B30) -> 24
A15: =SUMIF(Crit!A1:A30,"SS",Crit!B1:B30) -> 24
A16: =SUMIF(Crit!A1:A30,"æ",Crit!B1:B30) -> 21
A17: =SUMIF(Crit!A1:A30,"ae",Crit!B1:B30) -> 21
A18: =SUMIF(Crit!A1:A30,"é",Crit!B1:B30) -> 12
A19: =SUMIF(Crit!A1:A30,"e",Crit!B1:B30) -> 13
A20: =SUMIF(Crit!A1:A30,TRUE,Crit!B1:B30) -> 14
A21: =SUMIF(Crit!A1:A30,"TRUE",Crit!B1:B30) -> 14
A22: =SUMIF(Crit!A1:A30,"#N/A",Crit!B1:B30) -> 17
A23: =SUMIF(Crit!A1:A30,"<>#N/A",Crit!B1:B30) -> 448
A24: =SUMIF(Crit!A1:A30,">a",Crit!B1:B30) -> 126
A25: =SUMIF(Crit!A1:A30,"<z",Crit!B1:B30) -> 250
A26: =SUMIF(Crit!A1:A30,"1/2/2020",Crit!B1:B30) -> 75
A27: =SUMIF(Crit!A1:A30,">1/1/2020",Crit!B1:B30) -> 45
A28: =SUMIF(Crit!A1:A30,"12:00",Crit!B1:B30) -> 29
A29: =SUMIF(Crit!A1:A30," 10",Crit!B1:B30) -> 32
A30: =SUMIF(Crit!A1:A30,"10 ",Crit!B1:B30) -> 32
A31: =SUMIF(Crit!A1:A30,"~*",Crit!B1:B30) -> 24
A32: =SUMIF(Crit!A1:A30,"=a*e",Crit!B1:B30) -> 47
A33: =SUMIF(Crit!A1:A30,"<>abc",Crit!B1:B30) -> 461
A34: =SUMIF(Crit!A1:A30,Crit!D1,Crit!B1:B30) -> 27
A35: =SUMIF(Crit!A1:A30,"=5",Crit!B1:B30) -> 41
A36: =SUMIF(Crit!A1:A30,">4.5",Crit!B1:B30) -> 66
A37: =SUMIF(Crit!A1:A30,"<>5",Crit!B1:B30) -> 445

Sheet ValueLong
A1: =VALUE("1.23456789012345678") -> 1.2345679
A2: =VALUE("2.9999999999999996") -> 3
A3: =VALUE("1e-308") -> 0
A4: =VALUE("1e-307") -> 1e-307
A5: =VALUE("2.2250738585072014e-308") -> 0
A6: =VALUE("9.99999999999999e307") -> 1e+308
A7: =VALUE("9.999999999999995e307") -> 1e+308
A8: =VALUE("1234567890123456789") -> 1.2345679e+18
A9: =VALUE("0.30000000000000004") -> 0.3
A10: ="1.23456789012345678"+0 -> 1.2345679
A11: ="12345678901234567"+0 -> 1.2345679e+16
A12: =VALUE("1.5e-308") -> 0

Sheet Lookups2
A1: =MATCH(Crit!D1,Crit!A1:A30,0) -> 27
A2: =VLOOKUP(10,Crit!A1:B30,2,FALSE) -> 1
A3: =VLOOKUP("10",Crit!A1:B30,2,FALSE) -> 2
A4: =MATCH("a?e",Crit!A1:A30,0) -> 25
A5: =MATCH(5,{1,3,5,7},1) -> 3
A6: =MATCH(6,{1,3,5,7},1) -> 3
A7: =MATCH(0,{1,3,5,7},1) -> #N/A
A8: =MATCH(6,{7,5,3,1},-1) -> 1
A9: =MATCH(8,{7,5,3,1},-1) -> #N/A
A10: =MATCH(4,{5,1,9,2,7},1) -> #N/A
A11: =MATCH(6,{5,1,9,2,7},1) -> 2
A12: =MATCH("b",{"a","c","b"},1) -> 1
A13: =LOOKUP(2.5,{1,2,3},{"a","b","c"}) -> b
A14: =LOOKUP(0,{1,2,3}) -> #N/A
A15: =_xlfn.XLOOKUP(4,{1,3,5,7},{10,30,50,70},,-1) -> 30
A16: =_xlfn.XLOOKUP(4,{1,3,5,7},{10,30,50,70},,1) -> 50
A17: =_xlfn.XLOOKUP("b*",{"apple","banana"},{1,2},,2) -> 2
A18: =_xlfn.XLOOKUP("b*",{"apple","banana"},{1,2}) -> #N/A
A19: =_xlfn.XLOOKUP(5,{1,3,5,7},{10,30,50,70},,0,2) -> 50
A20: =_xlfn.XLOOKUP(5,{7,5,3,1},{70,50,30,10},,0,-2) -> 50
A21: =_xlfn.XLOOKUP(3,{1,3,3,5},{1,2,3,4},,0,-1) -> 3
A22: =_xlfn.XMATCH(4,{1,3,5,7},-1) -> 2
A23: =_xlfn.XMATCH(4,{1,3,5,7},1) -> 3
A24: =INDEX({1,2;3,4},0,2) -> 2
A25: =SUM(INDEX({1,2;3,4},0,2)) -> 6
A26: =INDEX({1,2;3,4},2) -> 3
A27: =INDEX({1,2,3},2) -> 2
A28: =VLOOKUP(2,{1,"a";2,"b";3,"c"},2) -> b
A29: =HLOOKUP(2,{1,2,3;"a","b","c"},2) -> b

Sheet Stats2
A1: =LARGE({5,1,9,3},1.5) -> 5
A2: =SMALL({5,1,9,3},2.1) -> 3
A3: =LARGE({5,1,9,3},0.5) -> #NUM!
A4: =MEDIAN(5,1,9,3) -> 4
A5: =MODE(1,2,2,3,3) -> 2
A6: =MODE(3,3,2,2) -> 3
A10: =AVERAGE(1,) -> 0.5
A11: =COUNT(1,) -> 2
A12: =COUNTA(1,) -> 2
A13: =SUM(1,) -> 1
A14: =MAX(-1,) -> 0
A15: =SUM(0.1,0.2,-0.3,1E-20) -> 5.5521151e-17
A16: =1*SUM(0.1,0.2,-0.3) -> 0
A17: =SUM(0.1,0.2,-0.3)*1 -> 0
A18: =SUM(1,0.0000000000000001,-1) -> 0
A19: =SUM(10000000000000000,1,-10000000000000000) -> 0
A20: =SUM({0.1,0.2,-0.3}) -> 0
A21: =AVERAGE(0.1,0.2,-0.3) -> 0
A23: =STDEV(1) -> #DIV/0!
A24: =VAR(1,1) -> 0
A25: =STDEVA(1,TRUE,"a") -> #VALUE!
A26: =AVEDEV(1,2,3,4) -> 1
A27: =DEVSQ(1,2,3,4) -> 5
A28: =GEOMEAN(1,2,4) -> 2
A29: =HARMEAN(1,2,4) -> 1.7142857
A30: =COUNTBLANK(Crit!A1:A30) -> 2
A31: =COUNTA(Crit!A1:A30) -> 29
A32: =COUNT(Crit!A1:A30) -> 7
A33: =SUMPRODUCT(Crit!A1:A30) -> #N/A
A34: =SUMPRODUCT(--(Crit!A1:A30="10")) -> #N/A

Sheet TextFns2
A1: =UPPER("straße") -> STRAßE
A2: =PROPER("2nd place") -> 2Nd Place
A3: =PROPER("été D'ÉTÉ") -> Été D'Été
A4: =LEN(CLEAN(CHAR(127))) -> 1
A5: =CODE(CHAR(129)) -> 129
A6: =CODE("€") -> 128
A7: =CHAR(128) -> €
A8: =FIND("","abc") -> 1
A9: =SEARCH("","abc") -> 1
A10: =FIND("","abc",4) -> 4
A11: =FIND("","abc",5) -> #VALUE!
A12: =SUBSTITUTE("aaa","a","b",2) -> aba
A13: =SUBSTITUTE("aaa","aa","b") -> ba
A14: =TRIM(CHAR(160)&"a"&CHAR(160)) -> a
A15: =LEN(TRIM(" a b ")) -> 3
A16: =LEFT("abc",-1) -> #VALUE!
A17: =RIGHT("abc",0)
A18: =MID("abc",2,0)
A19: =REPT("ab",0)
A20: =TEXT(0.5,"hh:mm") -> 12:00
A21: =TEXT(1234.5,"0.00E+00") -> 1.23E+03
A22: =TEXT("abc","@@") -> abcabc
A23: =TEXT(-1,"0;-0;zero") -> -1
A24: =TEXT(0,"0;-0;zero") -> z1900ro
A25: =TEXT(TRUE,"0") -> TRUE
A26: =DOLLAR(-1234.567,1) -> ($1,234.6)
A27: =DOLLAR(1234.567,-2) -> $1,200
A28: =FIXED(-1234.567,-1,TRUE) -> -1230
A29: =FIXED(0.5,0) -> 1
A30: =VALUE("$1,234.5") -> 1234.5
A31: =_xlfn.NUMBERVALUE("12%") -> 0.12
A32: =_xlfn.NUMBERVALUE("1 234,5",",") -> 1234.5
A33: =T(Crit!A1)
A34: =EXACT(1,"1") -> TRUE
A35: =CONCATENATE(1.5,TRUE,"x") -> 1.5TRUEx
A36: =_xlfn.UNICODE("😀") -> 128512
A37: =_xlfn.UNICHAR(128512) -> 😀
A38: =SEARCH("~*","a*b") -> 2
A39: =SEARCH("a~?","xa?") -> 2
A40: =LOWER("İ") -> i
A41: =UPPER("ı") -> I

Sheet DateFns2
A1: =DATE(1900,1,0) -> 0
A2: =DATE(1900,3,0) -> 60
A3: =DATE(-1,1,1) -> #NUM!
A4: =DATE(10000,1,1) -> #NUM!
A5: =DATE(9999,12,31) -> 2958465
A6: =DATE(1899,12,31) -> 693962
A7: =DATE(2020,0,0) -> 43799
A8: =DATE(2020,-13,1) -> 43405
A9: =EDATE(DATE(1900,1,31),1) -> 59
A10: =WEEKDAY(0) -> 7
A11: =WEEKDAY(60) -> 4
A12: =WEEKDAY(61) -> 5
A13: =WEEKDAY(DATE(2020,1,15),3) -> 2
A14: =WEEKDAY(DATE(2020,1,15),17) -> 4
A15: =WEEKNUM(DATE(2020,1,1),2) -> 1
A16: =WEEKNUM(DATE(2020,12,31),21) -> 53
A17: =WEEKNUM(DATE(2021,1,3),1) -> 2
A18: =YEAR(2958465.99) -> 9999
A19: =YEAR(2958466) -> #NUM!
A20: =NETWORKDAYS(DATE(2020,1,31),DATE(2020,1,1)) -> -23
A21: =WORKDAY(DATE(2020,1,3),1,DATE(2020,1,6)) -> 43837
A22: =WORKDAY(DATE(2020,1,6),-1) -> 43833
A23: =EOMONTH(DATE(2020,1,31),-13) -> 43465
A24: =DATEDIF(DATE(2020,1,31),DATE(2020,3,1),"md") -> -1
A25: =DATEDIF(DATE(2020,1,31),DATE(2020,3,1),"yd") -> 30
A26: =DATEDIF(DATE(2019,3,1),DATE(2020,2,29),"yd") -> 365
A27: =DATEDIF(DATE(2020,2,29),DATE(2021,2,28),"y") -> 0
A28: =DATEDIF(DATE(2020,1,15),DATE(2021,3,1),"ym") -> 1
A29: =TIME(0,0,-1) -> #NUM!
A30: =TIME(0,-1,120) -> 0.00069444444
A31: =TIME(12.9,0,0) -> 0.5
A32: =TIME(32767,0,0) -> 0.29166667
A33: =TIME(32768,0,0) -> #NUM!
A34: =HOUR(-0.5) -> #NUM!
A35: =HOUR(1.5) -> 12
A36: =SECOND(1/86400*0.5) -> 1
A37: =DATEVALUE("29-Feb-1900") -> 60
A38: =DATEVALUE("2/29/1900") -> 60
A39: =DAY("2/29/1900") -> 29
A40: =_xlfn.DAYS(10,5.9) -> 5
A41: =_xlfn.ISOWEEKNUM(DATE(2020,12,31)) -> 53
A42: =_xlfn.ISOWEEKNUM(1) -> 52
A43: =MONTH(59) -> 2
A44: =DAY(59) -> 28
A45: =DAY(61) -> 1

Sheet Financial
A1: =PMT(0.08/12,10,10000) -> -1037.0321
A2: =PMT(0.08/12,10,10000,0,1) -> -1030.1643
A3: =PMT(0,10,10000) -> -1000
A4: =PMT(0.05,5,-1000,500) -> 140.4874
A5: =PMT(-0.1,5,1000) -> -144.19428
A6: =PMT(0.08,0,1000) -> #NUM!
A7: =PV(0.08/12,240,500) -> -59777.146
A8: =PV(0,10,-100) -> 1000
A9: =PV(0.05,10,-100,1000,1) -> 196.86891
A10: =FV(0.06/12,10,-200,-500,1) -> 2581.4034
A11: =FV(0.12/12,12,-1000) -> 12682.503
A12: =FV(0,10,-100,-50) -> 1050
A13: =FV(0.05,10,0,-1000) -> 1628.8946
A14: =NPER(0.12/12,-100,-1000,10000,1) -> 59.673866
A15: =NPER(0.01,-100,1000) -> 10.588644
A16: =NPER(0,-100,1000) -> 10
A17: =NPER(0.01,-1,1000) -> #NUM!
A18: =RATE(48,-200,8000) -> 0.0077014725
A19: =RATE(10,-100,1000,0,0,0.1) -> -1.9633517e-10
A20: =RATE(10,100,1000) -> #NUM!
A21: =RATE(360,-1000,150000) -> 0.0058502534
A22: =RATE(12,-100,1000,0,1) -> 0.03503153
A23: =IPMT(0.1/12,1,3*12,8000) -> -66.666667
A24: =IPMT(0.1,3,3,8000) -> -292.44713
A25: =IPMT(0.1,1,3,8000,0,1) -> 0
A26: =IPMT(0.1,2,3,8000,0,1) -> -507.55287
A27: =PPMT(0.1/12,1,24,2000) -> -75.623186
A28: =PPMT(0.08,10,10,200000) -> -27598.053
A29: =CUMIPMT(0.09/12,30*12,125000,13,24,0) -> -11135.232
A30: =CUMIPMT(0.09/12,30*12,125000,1,1,0) -> -937.5
A31: =CUMPRINC(0.09/12,30*12,125000,13,24,0) -> -934.10712
A32: =CUMPRINC(0.09/12,30*12,125000,1,1,1) -> -998.29109
A33: =NPV(0.1,-10000,3000,4200,6800) -> 1188.4434
A34: =NPV(0.08,Stats!A1:A5) -> 10.439515
A35: =NPV(0.1,1,,2) -> 2.4117205
A36: =XNPV(0.09,{-10000,2750,4250,3250,2750},{39448,39508,39751,39859,39904}) -> 2086.6476
A37: =IRR({-70000,12000,15000,18000,21000}) -> -0.021244848
A38: =IRR({-70000,12000,15000,18000,21000,26000}) -> 0.086630948
A39: =IRR({-70000,12000,15000},-0.1) -> -0.44350694
A40: =IRR({1,2,3}) -> #NUM!
A41: =XIRR({-10000,2750,4250,3250,2750},{39448,39508,39751,39859,39904}) -> 0.37336254
A42: =MIRR({-120000,39000,30000,21000,37000,46000},0.1,0.12) -> 0.12609413
A43: =SLN(30000,7500,10) -> 2250
A44: =SYD(30000,7500,10,1) -> 4090.9091
A45: =SYD(30000,7500,10,10) -> 409.09091
A46: =DB(1000000,100000,6,1,7) -> 186083.33
A47: =DB(1000000,100000,6,2,7) -> 259639.42
A48: =DB(1000000,100000,6,7,7) -> 15845.098
A49: =DB(1000000,100000,6,6) -> 46722.518
A50: =DDB(2400,300,10*365,1) -> 1.3150685
A51: =DDB(2400,300,10,1,2) -> 480
A52: =DDB(2400,300,10,10) -> 22.122547
A53: =DDB(2400,300,10,2,1.5) -> 306
A54: =VDB(2400,300,10*365,0,1) -> 1.3150685
A55: =VDB(2400,300,10,0,0.875,1.5) -> 315
A56: =VDB(2400,300,10,6,10,2,TRUE) -> 329.1456
A57: =VDB(2400,300,10,6,10) -> 329.1456
A58: =EFFECT(0.0525,4) -> 0.053542667
A59: =NOMINAL(0.053543,4) -> 0.05250032
A60: =FVSCHEDULE(1,{0.09,0.11,0.1}) -> 1.33089
A61: =_xlfn.PDURATION(0.025,2000,2200) -> 3.8598662
A62: =_xlfn.RRI(96,10000,11000) -> 0.00099330738
A63: =ISPMT(0.1/12,1,36,8000000) -> -64814.815
A64: =DOLLARDE(1.02,16) -> 1.125
A65: =DOLLARFR(1.125,16) -> 1.02
A66: =TBILLEQ(DATE(2008,3,31),DATE(2008,6,1),0.0914) -> 0.094151494
A67: =TBILLPRICE(DATE(2008,3,31),DATE(2008,6,1),0.09) -> 98.45
A68: =TBILLYIELD(DATE(2008,3,31),DATE(2008,6,1),98.45) -> 0.091416963
A69: =PRICE(DATE(2008,2,15),DATE(2017,11,15),0.0575,0.065,100,2,0) -> 94.634362
A70: =YIELD(DATE(2008,2,15),DATE(2016,11,15),0.0575,95.04287,100,2,0) -> 0.065000007
A71: =DURATION(DATE(2018,7,1),DATE(2048,1,1),0.08,0.09,2,1) -> 10.919145
A72: =MDURATION(DATE(2008,1,1),DATE(2016,1,1),0.08,0.09,2,1) -> 5.7356698
A73: =ACCRINT(DATE(2008,3,1),DATE(2008,8,31),DATE(2008,5,1),0.1,1000,2,0) -> 16.666667
A74: =ACCRINTM(DATE(2008,4,1),DATE(2008,6,15),0.1,1000,3) -> 20.547945
A75: =COUPDAYS(DATE(2011,1,25),DATE(2011,11,15),2,1) -> 181
A76: =COUPDAYBS(DATE(2011,1,25),DATE(2011,11,15),2,1) -> 71
A77: =COUPDAYSNC(DATE(2011,1,25),DATE(2011,11,15),2,1) -> 110
A78: =COUPNCD(DATE(2011,1,25),DATE(2011,11,15),2,1) -> 40678
A79: =COUPNUM(DATE(2007,1,25),DATE(2008,11,15),2,1) -> 4
A80: =COUPPCD(DATE(2011,1,25),DATE(2011,11,15),2,1) -> 40497
A81: =DISC(DATE(2018,1,25),DATE(2018,6,15),97.975,100,1) -> 0.052420213
A82: =INTRATE(DATE(2008,2,15),DATE(2008,5,15),1000000,1014420,2) -> 0.05768
A83: =RECEIVED(DATE(2008,2,15),DATE(2008,5,15),1000000,0.0575,2) -> 1014584.7
A84: =PRICEDISC(DATE(2008,2,16),DATE(2008,3,1),0.0525,100,2) -> 99.795833
A85: =PRICEMAT(DATE(2008,2,15),DATE(2008,4,13),DATE(2007,11,11),0.061,0.061,0) -> 99.984499
A86: =YIELDDISC(DATE(2008,2,16),DATE(2008,3,1),99.795,100,2) -> 0.052822572
A87: =YIELDMAT(DATE(2008,3,15),DATE(2008,11,3),DATE(2007,11,8),0.0625,100.0123,0) -> 0.060954334
A88: =AMORDEGRC(2400,DATE(2008,8,19),DATE(2008,12,31),300,1,0.15,1) -> 776
A89: =AMORLINC(2400,DATE(2008,8,19),DATE(2008,12,31),300,1,0.15,1) -> 360

Sheet Distributions
A1: =_xlfn.NORM.DIST(42,40,1.5,TRUE) -> 0.90878878
A2: =_xlfn.NORM.DIST(42,40,1.5,FALSE) -> 0.10934005
A3: =NORMDIST(42,40,1.5,TRUE) -> 0.90878878
A4: =_xlfn.NORM.DIST(-5,0,1,TRUE) -> 2.8665157e-07
A5: =_xlfn.NORM.DIST(8,0,1,TRUE) -> 1
A6: =_xlfn.NORM.DIST(-40,0,1,TRUE) -> 0
A7: =_xlfn.NORM.S.DIST(1.333333,TRUE) -> 0.90878873
A8: =_xlfn.NORM.S.DIST(1.333333,FALSE) -> 0.16401015
A9: =NORMSDIST(1.333333) -> 0.90878873
A10: =_xlfn.NORM.S.DIST(-10,TRUE) -> 7.619853e-24
A11: =_xlfn.NORM.S.DIST(0,TRUE) -> 0.5
A12: =_xlfn.NORM.INV(0.908789,40,1.5) -> 42.000002
A13: =NORMINV(0.908789,40,1.5) -> 42.000002
A14: =_xlfn.NORM.S.INV(0.908789) -> 1.3333347
A15: =NORMSINV(0.5) -> 0
A16: =_xlfn.NORM.S.INV(0.0000000001) -> -6.3613409
A17: =_xlfn.NORM.S.INV(0.999999) -> 4.7534243
A18: =_xlfn.NORM.S.INV(0) -> #NUM!
A19: =STANDARDIZE(42,40,1.5) -> 1.3333333
A20: =_xlfn.T.DIST(60,1,TRUE) -> 0.99469533
A21: =_xlfn.T.DIST(8,3,FALSE) -> 0.00073690652
A22: =_xlfn.T.DIST.2T(1.959999998,60) -> 0.05464493
A23: =_xlfn.T.DIST.RT(1.959999998,60) -> 0.027322465
A24: =TDIST(1.959999998,60,2) -> 0.05464493
A25: =TDIST(1.959999998,60,1) -> 0.027322465
A26: =_xlfn.T.DIST(-1.5,10,TRUE) -> 0.082253663
A27: =_xlfn.T.INV(0.75,2) -> 0.81649658
A28: =_xlfn.T.INV.2T(0.546449,60) -> 0.60653308
A29: =TINV(0.546449,60) -> 0.60653308
A30: =_xlfn.CHISQ.DIST(0.5,1,TRUE) -> 0.52049988
A31: =_xlfn.CHISQ.DIST(2,3,FALSE) -> 0.20755375
A32: =_xlfn.CHISQ.DIST.RT(18.307,10) -> 0.050000589
A33: =CHIDIST(18.307,10) -> 0.050000589
A34: =_xlfn.CHISQ.INV(0.93,1) -> 3.2830203
A35: =_xlfn.CHISQ.INV.RT(0.050001,10) -> 18.306973
A36: =CHIINV(0.050001,10) -> 18.306973
A37: =_xlfn.F.DIST(15.2069,6,4,TRUE) -> 0.99000004
A38: =_xlfn.F.DIST(15.2069,6,4,FALSE) -> 0.0012237917
A39: =_xlfn.F.DIST.RT(15.2069,6,4) -> 0.009999957
A40: =FDIST(15.2069,6,4) -> 0.009999957
A41: =_xlfn.F.INV(0.01,6,4) -> 0.10930991
A42: =_xlfn.F.INV.RT(0.01,6,4) -> 15.206865
A43: =FINV(0.01,6,4) -> 15.206865
A44: =_xlfn.BINOM.DIST(6,10,0.5,FALSE) -> 0.20507813
A45: =_xlfn.BINOM.DIST(6,10,0.5,TRUE) -> 0.828125
A46: =BINOMDIST(6,10,0.5,FALSE) -> 0.20507813
A47: =_xlfn.BINOM.INV(6,0.5,0.75) -> 4
A48: =CRITBINOM(6,0.5,0.75) -> 4
A49: =_xlfn.BINOM.DIST.RANGE(60,0.75,48) -> 0.083974967
A50: =_xlfn.BINOM.DIST.RANGE(60,0.75,45,50) -> 0.52362979
A51: =_xlfn.POISSON.DIST(2,5,TRUE) -> 0.12465202
A52: =_xlfn.POISSON.DIST(2,5,FALSE) -> 0.084224337
A53: =POISSON(2,5,TRUE) -> 0.12465202
A54: =_xlfn.EXPON.DIST(0.2,10,TRUE) -> 0.86466472
A55: =_xlfn.EXPON.DIST(0.2,10,FALSE) -> 1.3533528
A56: =EXPONDIST(0.2,10,TRUE) -> 0.86466472
A57: =_xlfn.GAMMA(2.5) -> 1.3293404
A58: =_xlfn.GAMMA(-3.75) -> 0.26786613
A59: =_xlfn.GAMMA(0) -> #NUM!
A60: =GAMMALN(4) -> 1.7917595
A61: =_xlfn.GAMMALN.PRECISE(4.5) -> 2.4537366
A62: =_xlfn.GAMMA.DIST(10.00001131,9,2,FALSE) -> 0.03263913
A63: =_xlfn.GAMMA.DIST(10.00001131,9,2,TRUE) -> 0.068094004
A64: =GAMMADIST(10.00001131,9,2,TRUE) -> 0.068094004
A65: =_xlfn.GAMMA.INV(0.068094,9,2) -> 10.000011
A66: =GAMMAINV(0.068094,9,2) -> 10.000011
A67: =_xlfn.BETA.DIST(2,8,10,TRUE,1,3) -> 0.68547058
A68: =_xlfn.BETA.DIST(2,8,10,FALSE,1,3) -> 1.4837646
A69: =BETADIST(2,8,10,1,3) -> 0.68547058
A70: =_xlfn.BETA.INV(0.685470581,8,10,1,3) -> 2
A71: =BETAINV(0.685470581,8,10,1,3) -> 2
A72: =_xlfn.LOGNORM.DIST(4,3.5,1.2,TRUE) -> 0.039083556
A73: =_xlfn.LOGNORM.DIST(4,3.5,1.2,FALSE) -> 0.017617597
A74: =LOGNORMDIST(4,3.5,1.2) -> 0.039083556
A75: =_xlfn.LOGNORM.INV(0.039084,3.5,1.2) -> 4.0000252
A76: =LOGINV(0.039084,3.5,1.2) -> 4.0000252
A77: =_xlfn.WEIBULL.DIST(105,20,100,TRUE) -> 0.92958139
A78: =_xlfn.WEIBULL.DIST(105,20,100,FALSE) -> 0.035588864
A79: =WEIBULL(105,20,100,TRUE) -> 0.92958139
A80: =_xlfn.HYPGEOM.DIST(1,4,8,20,TRUE) -> 0.46542828
A81: =_xlfn.HYPGEOM.DIST(1,4,8,20,FALSE) -> 0.36326109
A82: =HYPGEOMDIST(1,4,8,20) -> 0.36326109
A83: =_xlfn.NEGBINOM.DIST(10,5,0.25,TRUE) -> 0.31351406
A84: =_xlfn.NEGBINOM.DIST(10,5,0.25,FALSE) -> 0.05504866
A85: =NEGBINOMDIST(10,5,0.25) -> 0.05504866
A86: =CONFIDENCE(0.05,2.5,50) -> 0.69295191
A87: =_xlfn.CONFIDENCE.NORM(0.05,2.5,50) -> 0.69295191
A88: =_xlfn.CONFIDENCE.T(0.05,1,50) -> 0.28419686
A89: =FISHER(0.75) -> 0.97295507
A90: =FISHERINV(0.972955) -> 0.74999997
A91: =_xlfn.PHI(0.75) -> 0.30113743
A92: =_xlfn.GAUSS(2) -> 0.47724987
A93: =ERF(0.745) -> 0.70792892
A94: =ERF(1,2) -> 0.15262147
A95: =_xlfn.ERF.PRECISE(0.745) -> 0.70792892
A96: =ERFC(1) -> 0.15729921
A97: =_xlfn.ERFC.PRECISE(1) -> 0.15729921
A98: =_xlfn.T.TEST(Stats!A1:A10,Stats!B1:B10,2,1) -> 7.4224986e-05
A99: =_xlfn.T.TEST(Stats!A1:A10,Stats!B1:B10,2,2) -> 0.00097233492
A100: =_xlfn.T.TEST(Stats!A1:A10,Stats!B1:B10,1,3) -> 0.001040994
...

Sheet Descriptive
A1: =CORREL(Stats!A1:A20,Stats!B1:B20) -> 0.99676092
A2: =PEARSON(Stats!A1:A20,Stats!B1:B20) -> 0.99676092
A3: =RSQ(Stats!B1:B20,Stats!A1:A20) -> 0.99353233
A4: =SLOPE(Stats!B1:B20,Stats!A1:A20) -> 2.5761624
A5: =INTERCEPT(Stats!B1:B20,Stats!A1:A20) -> 2.293843
A6: =STEYX(Stats!B1:B20,Stats!A1:A20) -> 1.2704211
A7: =FORECAST(30,Stats!B1:B20,Stats!A1:A20) -> 79.578716
A8: =_xlfn.FORECAST.LINEAR(30,Stats!B1:B20,Stats!A1:A20) -> 79.578716
A9: =COVAR(Stats!A1:A20,Stats!B1:B20) -> 86.616174
A10: =_xlfn.COVARIANCE.P(Stats!A1:A20,Stats!B1:B20) -> 86.616174
A11: =_xlfn.COVARIANCE.S(Stats!A1:A20,Stats!B1:B20) -> 91.17492
A12: =PERCENTILE(Stats!A1:A20,0.3) -> 6.8475
A13: =_xlfn.PERCENTILE.INC(Stats!A1:A20,0.3) -> 6.8475
A14: =_xlfn.PERCENTILE.EXC(Stats!A1:A20,0.3) -> 6.1975
A15: =_xlfn.PERCENTILE.EXC(Stats!A1:A20,0.01) -> #NUM!
A16: =QUARTILE(Stats!A1:A20,1) -> 5.489
A17: =_xlfn.QUARTILE.INC(Stats!A1:A20,3) -> 14.878
A18: =_xlfn.QUARTILE.EXC(Stats!A1:A20,1) -> 5.047
A19: =PERCENTRANK(Stats!A1:A20,7) -> 0.304
A20: =_xlfn.PERCENTRANK.INC(Stats!A1:A20,7.5) -> 0.341
A21: =_xlfn.PERCENTRANK.EXC(Stats!A1:A20,7.5) -> 0.356
A22: =PERCENTRANK(Stats!A1:A20,7.5,5) -> 0.34133
A23: =TRIMMEAN(Stats!A1:A20,0.2) -> 10.356625
A24: =KURT(Stats!A1:A20) -> -1.1710554
A25: =SKEW(Stats!A1:A20) -> -0.0059699147
A26: =_xlfn.SKEW.P(Stats!A1:A20) -> -0.0055125029
A27: =INDEX(FREQUENCY(Stats!A1:A20,{5,10,15}),2) -> 5
A28: =SUM(FREQUENCY(Stats!A1:A20,{5,10,15})) -> 20
A29: =INDEX(_xlfn.MODE.MULT(1,2,2,3,3),2) -> 3
A30: =PROB({0,1,2,3},{0.2,0.3,0.1,0.4},2) -> 0.1
A31: =PROB({0,1,2,3},{0.2,0.3,0.1,0.4},1,3) -> 0.8
A32: =INDEX(LINEST(Stats!B1:B20,Stats!A1:A20),1) -> 2.5761624
A33: =INDEX(LINEST(Stats!B1:B20,Stats!A1:A20,TRUE,TRUE),3,1) -> 0.99353233
A34: =INDEX(TREND(Stats!B1:B20,Stats!A1:A20,{21;22}),2) -> 58.969417
A35: =INDEX(GROWTH(Stats!C1:C10,Stats!A1:A10,{11}),1) -> 16.790386
A36: =INDEX(LOGEST(Stats!C1:C10,Stats!A1:A10),1) -> 1.2811188
A37: =_xlfn.RANK.EQ(Stats!A5,Stats!A1:A20) -> 16
A38: =_xlfn.RANK.AVG(Stats!A5,Stats!A1:A20) -> 16
A39: =AVEDEV(Stats!A1:A20) -> 5.00065
A40: =DEVSQ(Stats!A1:A20) -> 672.44342
A41: =MEDIAN(Stats!A1:A20) -> 10.238
A42: =_xlfn.MODE.SNGL(Stats!A1:A20) -> #N/A
A43: =_xlfn.STDEV.S(Stats!A1:A20) -> 5.9490973
A44: =_xlfn.VAR.P(Stats!A1:A20) -> 33.622171
A45: =GEOMEAN(Stats!A1:A10) -> 4.2607206
A46: =HARMEAN(Stats!A1:A10) -> 2.9902298

Sheet Engineering
A1: =DEC2BIN(9,4) -> 1001
A2: =DEC2BIN(-100) -> 1110011100
A3: =DEC2BIN(512) -> #NUM!
A4: =DEC2OCT(58,3) -> 072
A5: =DEC2OCT(-100) -> 7777777634
A6: =DEC2HEX(100,4) -> 0064
A7: =DEC2HEX(-54) -> FFFFFFFFCA
A8: =BIN2DEC(1100100) -> 100
A9: =BIN2DEC(1111111111) -> -1
A10: =BIN2OCT(1001,3) -> 011
A11: =BIN2HEX(11111011,4) -> 00FB
A12: =OCT2DEC(54) -> 44
A13: =OCT2DEC(7777777533) -> -165
A14: =OCT2BIN(3,3) -> 011
A15: =OCT2HEX(100,4) -> 0040
A16: =HEX2DEC("A5") -> 165
A17: =HEX2DEC("FFFFFFFF5B") -> -165
A18: =HEX2BIN("F",8) -> 00001111
A19: =HEX2OCT("F",3) -> 017
A20: =_xlfn.BITAND(1,5) -> 1
A21: =_xlfn.BITOR(23,10) -> 31
A22: =_xlfn.BITXOR(5,3) -> 6
A23: =_xlfn.BITLSHIFT(4,2) -> 16
A24: =_xlfn.BITRSHIFT(13,2) -> 3
A25: =DELTA(5,4) -> 0
A26: =DELTA(5,5) -> 1
A27: =GESTEP(5,4) -> 1
A28: =GESTEP(-4,-5) -> 1
A29: =_xlfn.BASE(7,2) -> 111
A30: =_xlfn.BASE(100,16,4) -> 0064
A31: =_xlfn.DECIMAL("FF",16) -> 255
A32: =_xlfn.DECIMAL("111",2) -> 7
A33: =ROMAN(499) -> CDXCIX
A34: =ROMAN(499,1) -> LDVLIV
A35: =ROMAN(499,4) -> ID
A36: =_xlfn.ARABIC("LVII") -> 57
A37: =_xlfn.ARABIC("mcmxii") -> 1912
A38: =CONVERT(1,"lbm","kg") -> 0.45359237
A39: =CONVERT(68,"F","C") -> 20
A40: =CONVERT(2.5,"ft","sec") -> #N/A
A41: =CONVERT(6,"tsp","tbs") -> 2
A42: =CONVERT(1,"mi","km") -> 1.609344
A43: =CONVERT(100,"kW","W") -> 100000
A44: =CONVERT(1,"hr","mn") -> 60
A45: =CONVERT(1,"in","cm") -> 2.54
A46: =CONVERT(1,"gal","l") -> 3.7854118
A47: =CONVERT(1,"atm","Pa") -> 101325
A48: =COMPLEX(3,4) -> 3+4i
A49: =COMPLEX(3,4,"j") -> 3+4j
A50: =COMPLEX(0,1) -> i
A51: =COMPLEX(0,-1) -> -i
A52: =IMABS("5+12i") -> 13
A53: =IMREAL("6-9i") -> 6
A54: =IMAGINARY("3+4i") -> 4
A55: =IMARGUMENT("3+4i") -> 0.92729522
A56: =IMCONJUGATE("3+4i") -> 3-4i
A57: =IMSUM("3+4i","5-3i") -> 8+i
A58: =IMSUB("13+4i","5+3i") -> 8+i
A59: =IMPRODUCT("3+4i","5-3i") -> 27+11i
A60: =IMDIV("-238+240i","10+24i") -> 5+12i
A61: =IMPOWER("2+3i",3) -> -46+9.00000000000001i
A62: =IMSQRT("1+i") -> 1.09868411346781+0.455089860562227i
A63: =IMEXP("1+i") -> 1.46869393991589+2.28735528717884i
A64: =IMLN("3+4i") -> 1.6094379124341+0.927295218001612i
A65: =IMLOG10("3+4i") -> 0.698970004336019+0.402719196273373i
A66: =IMLOG2("3+4i") -> 2.32192809488736+1.33780421245098i
A67: =IMSIN("4+3i") -> -7.61923172032141-6.548120040911i
A68: =IMCOS("1+i") -> 0.833730025131149-0.988897705762865i
A69: =_xlfn.IMTAN("4+3i") -> 0.00490825806749606+1.00070953606723i
A70: =BESSELJ(1.9,2) -> 0.32992583
A71: =BESSELY(2.5,1) -> 0.14591814
A72: =BESSELI(1.5,1) -> 0.98166643
A73: =BESSELK(1.5,1) -> 0.2773878
A74: =ERF(0,1) -> 0.84270079
A75: =ERFC(-1) -> 1.8427008

Sheet Matrix
A1: =MDETERM({1,3,8,5;1,3,6,1;1,1,1,0;7,3,10,2}) -> 88
A2: =MDETERM({3,6;1,1}) -> -3
A3: =INDEX(MINVERSE({4,-1;2,0}),1,2) -> 0.5
A4: =INDEX(MINVERSE({1,2,1;3,4,-1;0,2,0}),2,3) -> 0.5
A5: =INDEX(MMULT({1,3;7,2},{2,0;0,2}),2,1) -> 14
A6: =SUM(_xlfn.MUNIT(3)) -> 3
A7: =INDEX(TRANSPOSE({1,2,3}),2) -> 2
A8: =SUMPRODUCT(MMULT({1,2},{3;4})) -> 11
A9: =MDETERM({1,2;2,4}) -> 0
A10: =MINVERSE({1,2;2,4}) -> #NUM!
A11: =INDEX(MMULT(Stats!A1:B2,Stats!A1:B2),2,2) -> 37.015279

Sheet Database
A1: =DSUM(Db!A1:E11,"Profit",Db!G1:H2) -> 246
A2: =DSUM(Db!A1:E11,5,Db!G1:H2) -> 246
A3: =DAVERAGE(Db!A1:E11,"Yield",Db!G1:G2) -> 9.75
A4: =DCOUNT(Db!A1:E11,"Age",Db!G1:H2) -> 3
A5: =DCOUNTA(Db!A1:E11,"Profit",Db!G1:H2) -> 3
A6: =DGET(Db!A1:E11,"Yield",Db!J1:J2) -> 10
A7: =DGET(Db!A1:E11,"Yield",Db!G1:G2) -> #NUM!
A8: =DMAX(Db!A1:E11,"Profit",Db!G1:G3) -> 105
A9: =DMIN(Db!A1:E11,"Profit",Db!G1:H2) -> 66
A10: =DPRODUCT(Db!A1:E11,"Yield",Db!G1:G2) -> 7560
A11: =DSTDEV(Db!A1:E11,"Yield",Db!G1:G3) -> 2.9680842
A12: =DSTDEVP(Db!A1:E11,"Yield",Db!G1:G3) -> 2.747912
A13: =DVAR(Db!A1:E11,"Yield",Db!G1:G3) -> 8.8095238
A14: =DVARP(Db!A1:E11,"Yield",Db!G1:G3) -> 7.5510204
A15: =DSUM(Db!A1:E11,"Profit",Db!L1:M2) -> 306
A16: =DCOUNT(Db!A1:E11,,Db!L1:L2) -> 4
A17: =DSUM(Db!A1:E11,"Nothing",Db!G1:G2) -> #VALUE!
A18: =DAVERAGE(Db!A1:E11,3,Db!O1:O2) -> 9.25

Sheet Subtotals
A1: =SUBTOTAL(9,Stats!A1:A20) -> 207.079
A2: =SUBTOTAL(109,Stats!A1:A20) -> 196.543
A3: =SUBTOTAL(1,Stats!A1:A20) -> 10.35395
A4: =SUBTOTAL(101,Stats!A1:A20) -> 10.919056
A5: =SUBTOTAL(2,Stats!A1:A20) -> 20
A6: =SUBTOTAL(3,Stats!A1:A20) -> 20
A7: =SUBTOTAL(4,Stats!A1:A20) -> 19.964
A8: =SUBTOTAL(5,Stats!A1:A20) -> 0.774
A9: =SUBTOTAL(6,Stats!A1:A5) -> 68.156185
A10: =SUBTOTAL(7,Stats!A1:A20) -> 5.9490973
A11: =SUBTOTAL(8,Stats!A1:A20) -> 5.7984628
A12: =SUBTOTAL(10,Stats!A1:A20) -> 35.391759
A13: =SUBTOTAL(11,Stats!A1:A20) -> 33.622171
A14: =SUBTOTAL(104,Stats!A1:A20) -> 19.964
A15: =SUBTOTAL(9,Stats!A1:A20,Stats!B1:B3) -> 227.508
A16: =SUBTOTAL(9,Stats!E1:E4) -> 23
A17: =SUBTOTAL(12,Stats!A1:A20) -> #VALUE!
A18: =_xlfn.AGGREGATE(9,5,Stats!A1:A20) -> 196.543
A19: =_xlfn.AGGREGATE(9,0,Stats!A1:A20) -> 207.079
A20: =_xlfn.AGGREGATE(14,6,Stats!A1:A20,2) -> 18.868
A21: =_xlfn.AGGREGATE(4,0,Stats!A1:A20) -> 19.964
A22: =_xlfn.AGGREGATE(12,1,Stats!A1:A20) -> 11.343
A23: =_xlfn.AGGREGATE(9,6,Stats!F1:F5) -> 9
A24: =_xlfn.AGGREGATE(9,4,Stats!F1:F5) -> #DIV/0!
A25: =_xlfn.AGGREGATE(15,6,Stats!A1:A20,3) -> 2.866
A26: =_xlfn.AGGREGATE(16,4,Stats!A1:A20,0.9) -> 17.8276
A27: =_xlfn.AGGREGATE(19,5,Stats!A1:A20,1) -> 6.402
A28: =_xlfn.AGGREGATE(9,3,Stats!E1:E4) -> 23
A29: =_xlfn.AGGREGATE(9,1,Stats!E1:E4) -> 23

Sheet Arrays
A1: =INDEX(_xlfn._xlws.SORT({3,1,2},1,1,TRUE),1,2) -> 2
A2: =INDEX(_xlfn._xlws.SORT(Stats!A1:A20),3) -> 2.866
A3: =INDEX(_xlfn._xlws.SORT(Stats!A1:A20,1,-1),1) -> 19.964
A4: =INDEX(_xlfn.SORTBY(Db!A2:A11,Db!B2:B11,-1),1) -> Apple
A5: =ROWS(_xlfn.UNIQUE(Db!A2:A11)) -> 4
A6: =INDEX(_xlfn.UNIQUE(Db!A2:A11),2) -> Pear
A7: =SUM(_xlfn._xlws.FILTER(Db!B2:B11,Db!A2:A11="Apple")) -> 51
A8: =ROWS(_xlfn._xlws.FILTER(Db!B2:B11,Db!B2:B11>10)) -> 6
A9: =IFERROR(_xlfn._xlws.FILTER(Db!B2:B11,Db!B2:B11>1000),"none") -> none
A10: =INDEX(_xlfn.SEQUENCE(3,2,10,5),3,2) -> 35
A11: =SUM(_xlfn.SEQUENCE(10)) -> 55
A12: =ROWS(_xlfn.SEQUENCE(5)) -> 5
A13: =INDEX(_xlfn.TAKE(Stats!A1:A20,3),3) -> 2.866
A14: =INDEX(_xlfn.DROP(Stats!A1:A20,2),1) -> 2.866
A15: =INDEX(_xlfn.CHOOSEROWS(Stats!A1:A20,4,2),2) -> 1.767
A16: =INDEX(_xlfn.CHOOSECOLS(Stats!A1:C2,3,1),1,2) -> 0.774
A17: =INDEX(_xlfn.VSTACK({1,2},{3,4}),2,1) -> 3
A18: =INDEX(_xlfn.HSTACK({1;2},{3;4}),2,2) -> 4
A19: =ROWS(_xlfn.TOCOL({1,2;3,4})) -> 4
A20: =INDEX(_xlfn.TOROW({1,2;3,4}),3) -> 3
A21: =INDEX(_xlfn.WRAPROWS({1,2,3,4,5},2),3,1) -> 5
A22: =INDEX(_xlfn.WRAPCOLS({1,2,3,4,5},2),1,3) -> 5
A23: =INDEX(_xlfn.EXPAND({1,2},2,3,0),2,3) -> 0
A24: =INDEX(_xlfn.TEXTSPLIT("a,b,c",","),2) -> b
A25: =_xlfn.TEXTBEFORE("a-b-c","-") -> a
A26: =_xlfn.TEXTBEFORE("a-b-c","-",2) -> a-b
A27: =_xlfn.TEXTAFTER("a-b-c","-",-1) -> c
A28: =_xlfn.TEXTAFTER("abc","x") -> #N/A
A29: =_xlfn.TEXTAFTER("abc","x",,,,"none") -> none
A30: =_xlfn.LET(_xlpm.x,2,_xlpm.y,3,_xlpm.x*_xlpm.y) -> 6
A31: =_xlfn.LET(_xlpm.x,_xlfn.SEQUENCE(3),SUM(_xlpm.x)) -> 6
A32: =_xlfn.LAMBDA(_xlpm.x,_xlpm.x*2)(4) -> 8
A33: =SUM(_xlfn.MAP({1,2,3},_xlfn.LAMBDA(_xlpm.x,_xlpm.x*_xlpm.x))) -> 14
A34: =_xlfn.REDUCE(0,{1,2,3},_xlfn.LAMBDA(_xlpm.a,_xlpm.b,_xlpm.a+_xlpm.b)) -> 6
A35: =INDEX(_xlfn.SCAN(0,{1,2,3},_xlfn.LAMBDA(_xlpm.a,_xlpm.b,_xlpm.a+_xlpm.b)),3) -> 6
A36: =INDEX(_xlfn.BYROW({1,2;3,4},_xlfn.LAMBDA(_xlpm.r,SUM(_xlpm.r))),2) -> 7
A37: =INDEX(_xlfn.BYCOL({1,2;3,4},_xlfn.LAMBDA(_xlpm.c,SUM(_xlpm.c))),2) -> 6
A38: =INDEX(_xlfn.MAKEARRAY(2,3,_xlfn.LAMBDA(_xlpm.r,_xlpm.c,_xlpm.r*_xlpm.c)),2,3) -> 6
A39: =_xlfn.ARRAYTOTEXT({1,2;3,4}) -> 1, 2, 3, 4
A40: =_xlfn.ARRAYTOTEXT({1,"a"},1) -> {1,"a"}
A41: =INDEX(_xlfn.RANDARRAY(2,2,5,5),1,1) -> 5
A42: =_xlfn.XMATCH(3,{1,2,3}) -> 3
A43: =ROWS(_xlfn.ANCHORARRAY(Stats!A1:A20)) -> #REF!
A44: =SUM(Db!B2:B11*(Db!A2:A11="Apple")) -> #VALUE!

Sheet Misc
A1: =CELL("row",Stats!B5) -> 5
A2: =CELL("address",Stats!B5) -> [inputs.xlsx]Stats!$B$5
A3: =CELL("col",Stats!B5) -> 2
A4: =CELL("contents",Stats!A1) -> 0.774
A5: =CELL("type",Stats!A1) -> v
A6: =CELL("type",Stats!D1) -> v
A7: =HYPERLINK("http://example.com","text") -> text
A8: =_xlfn.SHEET() -> 104
A9: =_xlfn.SHEETS() -> 132
A10: =AREAS((Stats!A1:A2,Stats!B1)) -> 2
A11: =N(DATE(2020,1,1)) -> 43831
A12: =FIXED(1234567.891,-3) -> 1,235,000
A13: =_xlfn.ISOMITTED(1) -> FALSE
A14: =SUM(Stats!A1:A20) -> 207.079
A15: =COUNT(Stats!A:A) -> 20
A16: =MAX(Stats!A:A) -> 19.964
A17: =COUNTIF(Db!A:A,"Apple") -> 4
A18: =SUMIF(Db!A:A,"Pear",Db!E:E) -> 212.8
A19: =SUMPRODUCT((Db!A2:A11="Apple")*(Db!B2:B11>10),Db!E2:E11) -> 246

Sheet Cot
A1: =_xlfn.COT(Reals!A1) -> 7.6215794
A2: =_xlfn.COT(Reals!A2) -> -0.48211561
A3: =_xlfn.COT(Reals!A3) -> -0.22056304
A4: =_xlfn.COT(Reals!A4) -> -1.1116613
A5: =_xlfn.COT(Reals!A5) -> -1.2582526
A6: =_xlfn.COT(Reals!A6) -> -35.757656
A7: =_xlfn.COT(Reals!A7) -> 0.19342795
A8: =_xlfn.COT(Reals!A8) -> -0.0016069299
A9: =_xlfn.COT(Reals!A9) -> 2.4200178
A10: =_xlfn.COT(Reals!A10) -> 4.9357336
A11: =_xlfn.COT(Reals!A11) -> -1.4045563
A12: =_xlfn.COT(Reals!A12) -> 12.050898
... A72: =_xlfn.COT(Reals!A72) -> -2.1573538

Sheet Csc
A1: =_xlfn.CSC(Reals!A1) -> 7.6869027
A2: =_xlfn.CSC(Reals!A2) -> 1.1101511
A3: =_xlfn.CSC(Reals!A3) -> -1.0240352
A4: =_xlfn.CSC(Reals!A4) -> 1.4952561
A5: =_xlfn.CSC(Reals!A5) -> 1.6072335
A6: =_xlfn.CSC(Reals!A6) -> -35.771637
A7: =_xlfn.CSC(Reals!A7) -> 1.0185354
A8: =_xlfn.CSC(Reals!A8) -> -1.0000013
A9: =_xlfn.CSC(Reals!A9) -> 2.6184892
A10: =_xlfn.CSC(Reals!A10) -> 5.0360169
A11: =_xlfn.CSC(Reals!A11) -> -1.7241747
A12: =_xlfn.CSC(Reals!A12) -> -12.092318
... A72: =_xlfn.CSC(Reals!A72) -> 2.377851

Sheet Sec
A1: =_xlfn.SEC(Reals!A1) -> 1.0085708
A2: =_xlfn.SEC(Reals!A2) -> -2.3026657
A3: =_xlfn.SEC(Reals!A3) -> 4.6428232
A4: =_xlfn.SEC(Reals!A4) -> -1.3450645
A5: =_xlfn.SEC(Reals!A5) -> -1.2773536
A6: =_xlfn.SEC(Reals!A6) -> 1.000391
A7: =_xlfn.SEC(Reals!A7) -> 5.2657097
A8: =_xlfn.SEC(Reals!A8) -> 622.30549
A9: =_xlfn.SEC(Reals!A9) -> 1.0820124
A10: =_xlfn.SEC(Reals!A10) -> 1.0203178
A11: =_xlfn.SEC(Reals!A11) -> 1.2275583
A12: =_xlfn.SEC(Reals!A12) -> -1.003437
... A72: =_xlfn.SEC(Reals!A72) -> -1.1022073

Sheet Coth
A1: =_xlfn.COTH(Reals!A1) -> -1.0000091
A2: =_xlfn.COTH(Reals!A2) -> -1.0003965
A3: =_xlfn.COTH(Reals!A3) -> -1.0000005
A4: =_xlfn.COTH(Reals!A4) -> -1.0008633
A5: =_xlfn.COTH(Reals!A5) -> -1.0009754
A6: =_xlfn.COTH(Reals!A6) -> -1.0000066
A7: =_xlfn.COTH(Reals!A7) -> 1.1352151
A8: =_xlfn.COTH(Reals!A8) -> 1.0001609
A9: =_xlfn.COTH(Reals!A9) -> -1.0000153
A10: =_xlfn.COTH(Reals!A10) -> 5.0690004
A11: =_xlfn.COTH(Reals!A11) -> -1.000002
A12: =_xlfn.COTH(Reals!A12) -> 1
... A72: =_xlfn.COTH(Reals!A72) -> 1

Sheet Csch
A1: =_xlfn.CSCH(Reals!A1) -> -0.0042553748
A2: =_xlfn.CSCH(Reals!A2) -> -0.028161328
A3: =_xlfn.CSCH(Reals!A3) -> -0.00096464834
A4: =_xlfn.CSCH(Reals!A4) -> -0.041561424
A5: =_xlfn.CSCH(Reals!A5) -> -0.04417964
A6: =_xlfn.CSCH(Reals!A6) -> -0.003631921
A7: =_xlfn.CSCH(Reals!A7) -> 0.53732047
A8: =_xlfn.CSCH(Reals!A8) -> 0.017939177
A9: =_xlfn.CSCH(Reals!A9) -> -0.0055266155
A10: =_xlfn.CSCH(Reals!A10) -> 4.9693828
A11: =_xlfn.CSCH(Reals!A11) -> -0.0020117494
A12: =_xlfn.CSCH(Reals!A12) -> 0.00014857474
... A72: =_xlfn.CSCH(Reals!A72) -> 0

Sheet Sech
A1: =_xlfn.SECH(Reals!A1) -> 0.0042553363
A2: =_xlfn.SECH(Reals!A2) -> 0.028150168
A3: =_xlfn.SECH(Reals!A3) -> 0.00096464789
A4: =_xlfn.SECH(Reals!A4) -> 0.041525574
A5: =_xlfn.SECH(Reals!A5) -> 0.044136587
A6: =_xlfn.SECH(Reals!A6) -> 0.003631897
A7: =_xlfn.SECH(Reals!A7) -> 0.47332041
A8: =_xlfn.SECH(Reals!A8) -> 0.017936291
A9: =_xlfn.SECH(Reals!A9) -> 0.0055265311
A10: =_xlfn.SECH(Reals!A10) -> 0.98034768
A11: =_xlfn.SECH(Reals!A11) -> 0.0020117453
A12: =_xlfn.SECH(Reals!A12) -> 0.00014857473
... A72: =_xlfn.SECH(Reals!A72) -> 0

Sheet Acot
A1: =_xlfn.ACOT(Reals!A1) -> 2.9804719
A2: =_xlfn.ACOT(Reals!A2) -> 2.9111899
A3: =_xlfn.ACOT(Reals!A3) -> 3.0113902
A4: =_xlfn.ACOT(Reals!A4) -> 2.888986
A5: =_xlfn.ACOT(Reals!A5) -> 2.8851163
A6: =_xlfn.ACOT(Reals!A6) -> 2.9844492
A7: =_xlfn.ACOT(Reals!A7) -> 0.62716434
A8: =_xlfn.ACOT(Reals!A8) -> 0.20903542
A9: =_xlfn.ACOT(Reals!A9) -> 2.9734544
A10: =_xlfn.ACOT(Reals!A10) -> 1.3734986
A11: =_xlfn.ACOT(Reals!A11) -> 2.9977063
A12: =_xlfn.ACOT(Reals!A12) -> 0.10479405
... A72: =_xlfn.ACOT(Reals!A72) -> 1e-07

Sheet Acoth
A1: =_xlfn.ACOTH(ABS(Reals!A1)+1) -> 0.14072859
A2: =_xlfn.ACOTH(ABS(Reals!A2)+1) -> 0.19233743
A3: =_xlfn.ACOTH(ABS(Reals!A3)+1) -> 0.11630394
A4: =_xlfn.ACOTH(ABS(Reals!A4)+1) -> 0.20811703
A5: =_xlfn.ACOTH(ABS(Reals!A5)+1) -> 0.21083457
A6: =_xlfn.ACOTH(ABS(Reals!A6)+1) -> 0.13764015
A7: =_xlfn.ACOTH(ABS(Reals!A7)+1) -> 0.44795444
A8: =_xlfn.ACOTH(ABS(Reals!A8)+1) -> 0.17682918
A9: =_xlfn.ACOTH(ABS(Reals!A9)+1) -> 0.14614136
A10: =_xlfn.ACOTH(ABS(Reals!A10)+1) -> 1.1991789
A11: =_xlfn.ACOTH(ABS(Reals!A11)+1) -> 0.12723402
A12: =_xlfn.ACOTH(ABS(Reals!A12)+1) -> 0.095458381
... A72: =_xlfn.ACOTH(ABS(Reals!A72)+1) -> 9.999999e-08

Sheet EcmaCeiling
A1: =ECMA.CEILING(Divisions!A1,Divisions!B1) -> 13.2
A2: =ECMA.CEILING(Divisions!A2,Divisions!B2) -> 6
A3: =ECMA.CEILING(Divisions!A3,Divisions!B3) -> 10000000002
A4: =ECMA.CEILING(Divisions!A4,Divisions!B4) -> 134217729
A5: =ECMA.CEILING(Divisions!A5,Divisions!B5) -> 150000004
A6: =ECMA.CEILING(Divisions!A6,Divisions!B6) -> 1
A7: =ECMA.CEILING(Divisions!A7,Divisions!B7) -> 0.3
A8: =ECMA.CEILING(Divisions!A8,Divisions!B8) -> 7
A9: =ECMA.CEILING(Divisions!A9,Divisions!B9) -> -7
A10: =ECMA.CEILING(Divisions!A10,Divisions!B10) -> #NUM!
A11: =ECMA.CEILING(Divisions!A11,Divisions!B11) -> 1e+15
A12: =ECMA.CEILING(Divisions!A12,Divisions!B12) -> 2.5e+15
... A28: =ECMA.CEILING(Divisions!A28,Divisions!B28) -> 11

Sheet Workdays
A1: =NETWORKDAYS.INTL(DATE(2024,1,1),DATE(2024,3,31),1) -> 65
A2: =NETWORKDAYS.INTL(DATE(2024,1,1),DATE(2024,3,31),2) -> 65
A3: =NETWORKDAYS.INTL(DATE(2024,1,1),DATE(2024,3,31),3) -> 65
A4: =NETWORKDAYS.INTL(DATE(2024,1,1),DATE(2024,3,31),4) -> 65
A5: =NETWORKDAYS.INTL(DATE(2024,1,1),DATE(2024,3,31),5) -> 65
A6: =NETWORKDAYS.INTL(DATE(2024,1,1),DATE(2024,3,31),6) -> 65
A7: =NETWORKDAYS.INTL(DATE(2024,1,1),DATE(2024,3,31),7) -> 65
A8: =NETWORKDAYS.INTL(DATE(2024,1,1),DATE(2024,3,31),11) -> 78
A9: =NETWORKDAYS.INTL(DATE(2024,1,1),DATE(2024,3,31),12) -> 78
A10: =NETWORKDAYS.INTL(DATE(2024,1,1),DATE(2024,3,31),13) -> 78
A11: =NETWORKDAYS.INTL(DATE(2024,1,1),DATE(2024,3,31),14) -> 78
A12: =NETWORKDAYS.INTL(DATE(2024,1,1),DATE(2024,3,31),15) -> 78
A13: =NETWORKDAYS.INTL(DATE(2024,1,1),DATE(2024,3,31),16) -> 78
A14: =NETWORKDAYS.INTL(DATE(2024,1,1),DATE(2024,3,31),17) -> 78
A15: =NETWORKDAYS.INTL(DATE(2024,1,1),DATE(2024,3,31),"0000011") -> 65
A16: =NETWORKDAYS.INTL(DATE(2024,1,1),DATE(2024,3,31),"1000001") -> 65
A17: =NETWORKDAYS.INTL(DATE(2024,1,1),DATE(2024,3,31),"0101010") -> 52
A18: =NETWORKDAYS.INTL(DATE(2024,1,1),DATE(2024,3,31),"1111111") -> 0
A19: =NETWORKDAYS.INTL(DATE(2024,1,1),DATE(2024,3,31),"000001") -> #VALUE!
A20: =WORKDAY.INTL(DATE(2024,1,1),30,1) -> 45334
A21: =WORKDAY.INTL(DATE(2024,1,1),30,7) -> 45334
A22: =WORKDAY.INTL(DATE(2024,1,1),30,11) -> 45327
A23: =WORKDAY.INTL(DATE(2024,1,1),30,17) -> 45327
A24: =WORKDAY.INTL(DATE(2024,1,1),30,"0000110") -> 45334
A25: =WORKDAY.INTL(DATE(2024,1,1),-30,1) -> 45250
A26: =WORKDAY.INTL(DATE(2024,1,1),10,1,{45306,45307}) -> 45308
A27: =NETWORKDAYS.INTL(DATE(2024,3,31),DATE(2024,1,1),1) -> -65
A28: =NETWORKDAYS.INTL(DATE(2024,1,1),DATE(2024,3,31),99) -> #NUM!
A29: =NETWORKDAYS.INTL(DATE(2024,1,1),DATE(2024,3,31),1,DATE(2024,1,15)) -> 64

Sheet TextBytes
A1: =LEFTB("hello",2) -> he
A2: =RIGHTB("hello",3) -> llo
A3: =MIDB("hello",2,3) -> ell
A4: =LENB("hello") -> 5
A5: =LENB("日本") -> 2
A6: =FINDB("l","hello") -> 3
A7: =SEARCHB("L","hello") -> 3
A8: =REPLACEB("hello",2,3,"EY") -> hEYo
A9: =USDOLLAR(1234.567,2) -> $1,234.57
A10: =USDOLLAR(-5) -> ($5.00)
A11: =JIS("abc") -> #NAME?
A12: =_xlfn.ENCODEURL("a b&c/d?e=f") -> a%20b%26c%2Fd%3Fe%3Df
A13: =_xlfn.ENCODEURL("naïve ✓") -> na%C3%AFve%20%E2%9C%93
A14: =_xlfn.ENCODEURL("~-_.!*'()") -> %7E-_.%21%2A%27%28%29
A15: =_xlfn.ENCODEURL("100%") -> 100%25

Sheet Regex
A1: =_xlfn.REGEXTEST("abc123","\d+") -> TRUE
A2: =_xlfn.REGEXTEST("ABC","abc") -> FALSE
A3: =_xlfn.REGEXTEST("ABC","abc",1) -> TRUE
A4: =_xlfn.REGEXEXTRACT("abc123def456","\d+") -> 123
A5: =INDEX(_xlfn.REGEXEXTRACT("abc123def456","\d+",1),2) -> 456
A6: =INDEX(_xlfn.REGEXEXTRACT("John Smith","(\w+) (\w+)",2),2) -> Smith
A7: =_xlfn.REGEXEXTRACT("abc","\d") -> #N/A
A8: =_xlfn.REGEXREPLACE("abc123","\d","#") -> abc###
A9: =_xlfn.REGEXREPLACE("a1b2c3","\d","#",2) -> a1b#c3
A10: =_xlfn.REGEXREPLACE("a1b2c3","\d","#",-1) -> a1b2c#
A11: =_xlfn.REGEXREPLACE("John Smith","(\w+) (\w+)","$2, $1") -> Smith, John
A12: =_xlfn.REGEXTEST("x","[") -> #VALUE!

Sheet Ranges
A1: =_xlfn.PERCENTOF(Stats!A1:A5,Stats!A1:A20) -> 0.06681508
A2: =ROWS(_xlfn.TRIMRANGE(Stats!A1:A40)) -> 20
A3: =COLUMNS(_xlfn.TRIMRANGE(Stats!A1:Z3)) -> 6
A4: =ROWS(_xlfn.TRIMRANGE(Stats!A1:A40,2)) -> 20
A5: =ROWS(_xlfn.TRIMRANGE(Stats!A1:A40,0)) -> 40
A6: =ROWS(_xlfn.TRIMRANGE(Stats!Z1:Z40)) -> #REF!
A7: =SUM(_xlfn.TRIMRANGE(Stats!A1:A40)) -> 207.079
A8: =_xlfn.PERCENTOF(0,0) -> #DIV/0!

Sheet Besselj
A1: =BESSELJ(0.1,0) -> 0.99750156
A2: =BESSELJ(0.1,1) -> 0.049937526
A3: =BESSELJ(0.1,2) -> 0.0012489587
A4: =BESSELJ(0.1,3) -> 2.0820316e-05
A5: =BESSELJ(0.1,4) -> 2.6028649e-07
A6: =BESSELJ(0.5,0) -> 0.93846981
A7: =BESSELJ(0.5,1) -> 0.24226846
A8: =BESSELJ(0.5,2) -> 0.030604023
A9: =BESSELJ(0.5,3) -> 0.00256373
A10: =BESSELJ(0.5,4) -> 0.00016073648
A11: =BESSELJ(1,0) -> 0.76519768
A12: =BESSELJ(1,1) -> 0.44005059
A13: =BESSELJ(1,2) -> 0.11490348
A14: =BESSELJ(1,3) -> 0.019563354
A15: =BESSELJ(1,4) -> 0.002476639
A16: =BESSELJ(1.9,0) -> 0.28181856
A17: =BESSELJ(1.9,1) -> 0.58115707
A18: =BESSELJ(1.9,2) -> 0.32992583
A19: =BESSELJ(1.9,3) -> 0.11342341
A20: =BESSELJ(1.9,4) -> 0.028253451
A21: =BESSELJ(2.5,0) -> -0.048383776
A22: =BESSELJ(2.5,1) -> 0.4970941
A23: =BESSELJ(2.5,2) -> 0.44605906
A24: =BESSELJ(2.5,3) -> 0.2166004
A25: =BESSELJ(2.5,4) -> 0.07378188
A26: =BESSELJ(3.75,0) -> -0.40140605
A27: =BESSELJ(3.75,1) -> 0.033229349
A28: =BESSELJ(3.75,2) -> 0.41912837
A29: =BESSELJ(3.75,3) -> 0.41384092
A30: =BESSELJ(3.75,4) -> 0.24301709
A31: =BESSELJ(5,0) -> -0.17759677
A32: =BESSELJ(5,1) -> -0.32757914
A33: =BESSELJ(5,2) -> 0.046565119
A34: =BESSELJ(5,3) -> 0.36483123
A35: =BESSELJ(5,4) -> 0.39123236
A36: =BESSELJ(7.9,0) -> 0.19436185
A37: =BESSELJ(7.9,1) -> 0.2191794
A38: =BESSELJ(7.9,2) -> -0.13887339
A39: =BESSELJ(7.9,3) -> -0.28949504
A40: =BESSELJ(7.9,4) -> -0.080996255
A41: =BESSELJ(8,0) -> 0.17165081
A42: =BESSELJ(8,1) -> 0.23462839
A43: =BESSELJ(8,2) -> -0.11299371
A44: =BESSELJ(8,3) -> -0.29112524
A45: =BESSELJ(8,4) -> -0.10535022
A46: =BESSELJ(8.1,0) -> 0.14751745
A47: =BESSELJ(8.1,1) -> 0.2475999
A48: =BESSELJ(8.1,2) -> -0.086381676
A49: =BESSELJ(8.1,3) -> -0.29025752
A50: =BESSELJ(8.1,4) -> -0.1286239
A51: =BESSELJ(12,0) -> 0.047689311
A52: =BESSELJ(12,1) -> -0.22344638
A53: =BESSELJ(12,2) -> -0.084930375
A54: =BESSELJ(12,3) -> 0.19513626
A55: =BESSELJ(12,4) -> 0.1824985
A56: =BESSELJ(20,0) -> 0.16702466
A57: =BESSELJ(20,1) -> 0.066833114
A58: =BESSELJ(20,2) -> -0.16034135
A59: =BESSELJ(20,3) -> -0.098901385
A60: =BESSELJ(20,4) -> 0.13067094
A61: =BESSELJ(35,0) -> -0.12684568
A62: =BESSELJ(35,1) -> 0.043990942
A63: =BESSELJ(35,2) -> 0.12935945
A64: =BESSELJ(35,3) -> -0.029207005
A65: =BESSELJ(35,4) -> -0.13436637

Sheet Bessely
A1: =BESSELY(0.1,0) -> -1.5342387
A2: =BESSELY(0.1,1) -> -6.4589511
A3: =BESSELY(0.1,2) -> -127.64478
A4: =BESSELY(0.1,3) -> -5099.3324
A5: =BESSELY(0.1,4) -> -305832.3
A6: =BESSELY(0.5,0) -> -0.44451873
A7: =BESSELY(0.5,1) -> -1.4714724
A8: =BESSELY(0.5,2) -> -5.4413708
A9: =BESSELY(0.5,3) -> -42.059494
A10: =BESSELY(0.5,4) -> -499.27256
A11: =BESSELY(1,0) -> 0.088256971
A12: =BESSELY(1,1) -> -0.78121282
A13: =BESSELY(1,2) -> -1.6506826
A14: =BESSELY(1,3) -> -5.8215176
A15: =BESSELY(1,4) -> -33.278423
A16: =BESSELY(1.9,0) -> 0.49681997
A17: =BESSELY(1.9,1) -> -0.16440577
A18: =BESSELY(1.9,2) -> -0.66987867
A19: =BESSELY(1.9,3) -> -1.2458651
A20: =BESSELY(1.9,4) -> -3.2644322
A21: =BESSELY(2.5,0) -> 0.49807036
A22: =BESSELY(2.5,1) -> 0.14591814
A23: =BESSELY(2.5,2) -> -0.38133585
A24: =BESSELY(2.5,3) -> -0.7560555
A25: =BESSELY(2.5,4) -> -1.4331973
A26: =BESSELY(3.75,0) -> 0.085256754
A27: =BESSELY(3.75,1) -> 0.41586878
A28: =BESSELY(3.75,2) -> 0.13653993
A29: =BESSELY(3.75,3) -> -0.27022619
A30: =BESSELY(3.75,4) -> -0.56890183
A31: =BESSELY(5,0) -> -0.30851762
A32: =BESSELY(5,1) -> 0.14786314
A33: =BESSELY(5,2) -> 0.36766288
A34: =BESSELY(5,3) -> 0.14626716
A35: =BESSELY(5,4) -> -0.19214228
A36: =BESSELY(7.9,0) -> 0.20652093
A37: =BESSELY(7.9,1) -> -0.18172109
A38: =BESSELY(7.9,2) -> -0.25252627
A39: =BESSELY(7.9,3) -> 0.053859685
A40: =BESSELY(7.9,4) -> 0.29343236
A41: =BESSELY(8,0) -> 0.22352149
A42: =BESSELY(8,1) -> -0.15806046
A43: =BESSELY(8,2) -> -0.2630366
A44: =BESSELY(8,3) -> 0.026542159
A45: =BESSELY(8,4) -> 0.28294322
A46: =BESSELY(8.1,0) -> 0.23809133
A47: =BESSELY(8.1,1) -> -0.1331488
A48: =BESSELY(8.1,2) -> -0.27096757
A49: =BESSELY(8.1,3) -> -0.00066235181
A50: =BESSELY(8.1,4) -> 0.27047694
A51: =BESSELY(12,0) -> -0.22523731
A52: =BESSELY(12,1) -> -0.057099218
A53: =BESSELY(12,2) -> 0.21572078
A54: =BESSELY(12,3) -> 0.12900614
A55: =BESSELY(12,4) -> -0.1512177
A56: =BESSELY(20,0) -> 0.062640597
A57: =BESSELY(20,1) -> -0.16551161
A58: =BESSELY(20,2) -> -0.079191758
A59: =BESSELY(20,3) -> 0.14967326
A60: =BESSELY(20,4) -> 0.12409374
A61: =BESSELY(35,0) -> 0.045797987
A62: =BESSELY(35,1) -> 0.12751273
A63: =BESSELY(35,2) -> -0.038511545
A64: =BESSELY(35,3) -> -0.13191405
A65: =BESSELY(35,4) -> 0.015897708

Sheet Besseli
A1: =BESSELI(0.1,0) -> 1.0025016
A2: =BESSELI(0.1,1) -> 0.050062526
A3: =BESSELI(0.1,2) -> 0.001251042
A4: =BESSELI(0.1,3) -> 2.0846357e-05
A5: =BESSELI(0.1,4) -> 2.605469e-07
A6: =BESSELI(0.5,0) -> 1.0634833
A7: =BESSELI(0.5,1) -> 0.2578943
A8: =BESSELI(0.5,2) -> 0.031906148
A9: =BESSELI(0.5,3) -> 0.0026451119
A10: =BESSELI(0.5,4) -> 0.00016480555
A11: =BESSELI(1,0) -> 1.2660658
A12: =BESSELI(1,1) -> 0.5651591
A13: =BESSELI(1,2) -> 0.13574767
A14: =BESSELI(1,3) -> 0.022168424
A15: =BESSELI(1,4) -> 0.0027371202
A16: =BESSELI(1.9,0) -> 2.1277402
A17: =BESSELI(1.9,1) -> 1.4482444
A18: =BESSELI(1.9,2) -> 0.60327244
A19: =BESSELI(1.9,3) -> 0.17819715
A20: =BESSELI(1.9,4) -> 0.040544604
A21: =BESSELI(2.5,0) -> 3.2898392
A22: =BESSELI(2.5,1) -> 2.5167162
A23: =BESSELI(2.5,2) -> 1.2764662
A24: =BESSELI(2.5,3) -> 0.47437041
A25: =BESSELI(2.5,4) -> 0.13797717
A26: =BESSELI(3.75,0) -> 9.118946
A27: =BESSELI(3.75,1) -> 7.7800152
A28: =BESSELI(3.75,2) -> 4.9696045
A29: =BESSELI(3.75,3) -> 2.4791039
A30: =BESSELI(3.75,4) -> 1.0030382
A31: =BESSELI(5,0) -> 27.239872
A32: =BESSELI(5,1) -> 24.335642
A33: =BESSELI(5,2) -> 17.505615
A34: =BESSELI(5,3) -> 10.33115
A35: =BESSELI(5,4) -> 5.1082348
A36: =BESSELI(7.9,0) -> 389.40629
A37: =BESSELI(7.9,1) -> 363.85394
A38: =BESSELI(7.9,2) -> 297.29137
A39: =BESSELI(7.9,3) -> 213.32668
A40: =BESSELI(7.9,4) -> 135.27111
A41: =BESSELI(8,0) -> 427.56413
A42: =BESSELI(8,1) -> 399.87313
A43: =BESSELI(8,2) -> 327.59584
A44: =BESSELI(8,3) -> 236.07523
A45: =BESSELI(8,4) -> 150.53942
A46: =BESSELI(8.1,0) -> 469.50062
A47: =BESSELI(8.1,1) -> 439.48431
A48: =BESSELI(8.1,2) -> 360.98597
A49: =BESSELI(8.1,3) -> 261.21964
A50: =BESSELI(8.1,4) -> 167.48994
A51: =BESSELI(12,0) -> 18948.925
A52: =BESSELI(12,1) -> 18141.35
A53: =BESSELI(12,2) -> 15925.367
A54: =BESSELI(12,3) -> 12832.893
A55: =BESSELI(12,4) -> 9508.9204
A56: =BESSELI(20,0) -> 43558286
A57: =BESSELI(20,1) -> 42454969
A58: =BESSELI(20,2) -> 39312788
A59: =BESSELI(20,3) -> 34592419
A60: =BESSELI(20,4) -> 28935062
A61: =BESSELI(35,0) -> 1.0733881e+14
A62: =BESSELI(35,1) -> 1.0579414e+14
A63: =BESSELI(35,2) -> 1.0129349e+14
A64: =BESSELI(35,3) -> 9.4217725e+13
A65: =BESSELI(35,4) -> 8.5141822e+13

Sheet Besselk
A1: =BESSELK(0.1,0) -> 2.427069
A2: =BESSELK(0.1,1) -> 9.8538448
A3: =BESSELK(0.1,2) -> 199.50396
A4: =BESSELK(0.1,3) -> 7990.0124
A5: =BESSELK(0.1,4) -> 479600.25
A6: =BESSELK(0.5,0) -> 0.92441904
A7: =BESSELK(0.5,1) -> 1.6564411
A8: =BESSELK(0.5,2) -> 7.5501835
A9: =BESSELK(0.5,3) -> 62.05791
A10: =BESSELK(0.5,4) -> 752.2451
A11: =BESSELK(1,0) -> 0.42102442
A12: =BESSELK(1,1) -> 0.60190723
A13: =BESSELK(1,2) -> 1.6248389
A14: =BESSELK(1,3) -> 7.1012628
A15: =BESSELK(1,4) -> 44.232416
A16: =BESSELK(1.9,0) -> 0.12884599
A17: =BESSELK(1.9,1) -> 0.15966015
A18: =BESSELK(1.9,2) -> 0.2969093
A19: =BESSELK(1.9,3) -> 0.78473236
A20: =BESSELK(1.9,4) -> 2.7750115
A21: =BESSELK(2.5,0) -> 0.062347554
A22: =BESSELK(2.5,1) -> 0.073890816
A23: =BESSELK(2.5,2) -> 0.12146021
A24: =BESSELK(2.5,3) -> 0.26822715
A25: =BESSELK(2.5,4) -> 0.76520536
A26: =BESSELK(3.75,0) -> 0.014774251
A27: =BESSELK(3.75,1) -> 0.016638192
A28: =BESSELK(3.75,2) -> 0.023647953
A29: =BESSELK(3.75,3) -> 0.041862675
A30: =BESSELK(3.75,4) -> 0.090628234
A31: =BESSELK(5,0) -> 0.0036910984
A32: =BESSELK(5,1) -> 0.0040446134
A33: =BESSELK(5,2) -> 0.0053089437
A34: =BESSELK(5,3) -> 0.0082917684
A35: =BESSELK(5,4) -> 0.015259066
A36: =BESSELK(7.9,0) -> 0.00016286766
A37: =BESSELK(7.9,1) -> 0.00017288431
A38: =BESSELK(7.9,2) -> 0.00020663584
A39: =BESSELK(7.9,3) -> 0.00027751006
A40: =BESSELK(7.9,4) -> 0.00041740297
A41: =BESSELK(8,0) -> 0.0001464707
A42: =BESSELK(8,1) -> 0.00015536922
A43: =BESSELK(8,2) -> 0.00018531301
A44: =BESSELK(8,3) -> 0.00024802572
A45: =BESSELK(8,4) -> 0.00037133229
A46: =BESSELK(8.1,0) -> 0.00013173427
A47: =BESSELK(8.1,1) -> 0.00013964123
A48: =BESSELK(8.1,2) -> 0.00016621359
A49: =BESSELK(8.1,3) -> 0.00022172202
A50: =BESSELK(8.1,4) -> 0.00033045212
A51: =BESSELK(12,0) -> 2.2008254e-06
A52: =BESSELK(12,1) -> 2.2907575e-06
A53: =BESSELK(12,2) -> 2.5826183e-06
A54: =BESSELK(12,3) -> 3.1516302e-06
A55: =BESSELK(12,4) -> 4.1584334e-06
A56: =BESSELK(20,0) -> 5.7412384e-10
A57: =BESSELK(20,1) -> 5.8830573e-10
A58: =BESSELK(20,2) -> 6.3295441e-10
A59: =BESSELK(20,3) -> 7.1489662e-10
A60: =BESSELK(20,4) -> 8.4742339e-10
A61: =BESSELK(35,0) -> 1.3310353e-16
A62: =BESSELK(35,1) -> 1.3499176e-16
A63: =BESSELK(35,2) -> 1.4081735e-16
A64: =BESSELK(35,3) -> 1.5108517e-16
A65: =BESSELK(35,4) -> 1.6671766e-16

Sheet Convert
A1: =CONVERT(1,"ft","m") -> 0.3048
A2: =CONVERT(1,"m","ft") -> 3.2808399
A3: =CONVERT(100,"C","F") -> 212
A4: =CONVERT(0,"C","K") -> 273.15
A5: =CONVERT(1,"Rank","K") -> 0.55555556
A6: =CONVERT(1,"Reau","C") -> 1.25
A7: =CONVERT(98.6,"F","C") -> 37
A8: =CONVERT(300,"K","F") -> 80.33
A9: =CONVERT(1,"ozm","g") -> 28.349523
A10: =CONVERT(1,"ton","kg") -> 907.18474
A11: =CONVERT(1,"stone","lbm") -> 14
A12: =CONVERT(1,"grain","g") -> 0.06479891
A13: =CONVERT(1,"sg","kg") -> 14.593903
A14: =CONVERT(1,"u","g") -> 1.6605388e-24
A15: =CONVERT(1,"lbf","N") -> 4.4482216
A16: =CONVERT(1,"dyn","N") -> 1e-05
A17: =CONVERT(1,"pond","N") -> 0.00980665
A18: =CONVERT(1,"HP","W") -> 745.69987
A19: =CONVERT(1,"PS","W") -> 735.49875
A20: =CONVERT(1,"BTU","J") -> 1055.0559
A21: =CONVERT(1,"eV","J") -> 1.6021765e-19
A22: =CONVERT(1,"cal","J") -> 4.1868
A23: =CONVERT(1,"c","J") -> 4.184
A24: =CONVERT(1,"Wh","J") -> 3600
A25: =CONVERT(1,"flb","J") -> 1.3558179
A26: =CONVERT(1,"HPh","J") -> 2684519.5
A27: =CONVERT(1,"atm","mmHg") -> 760.0021
A28: =CONVERT(1,"psi","Pa") -> 6894.7573
A29: =CONVERT(1,"Torr","Pa") -> 133.32237
A30: =CONVERT(1,"yr","day") -> 365.25
A31: =CONVERT(1,"day","sec") -> 86400
A32: =CONVERT(90,"mn","hr") -> 1.5
A33: =CONVERT(1,"mph","m/s") -> 0.44704
A34: =CONVERT(1,"kn","m/s") -> 0.51444444
A35: =CONVERT(1,"admkn","kn") -> 1.0006393
A36: =CONVERT(1,"ly","m") -> 9.4607305e+15
A37: =CONVERT(1,"pc","ly") -> 3.2615638
A38: =CONVERT(1,"Nmi","km") -> 1.852
A39: =CONVERT(1,"mi2","km2") -> 2.5899881
A40: =CONVERT(1,"ha","m2") -> 10000
A41: =CONVERT(1,"us_acre","m2") -> 4046.8726
A42: =CONVERT(1,"uk_acre","ha") -> 0.40468564
A43: =CONVERT(1,"m3","l") -> 1000
A44: =CONVERT(1,"ft3","l") -> 28.316847
A45: =CONVERT(1,"barrel","gal") -> 42
A46: =CONVERT(1,"cup","tsp") -> 48
A47: =CONVERT(1,"uk_gal","gal") -> 1.2009499
A48: =CONVERT(1,"uk_pt","pt") -> 1.2009499
A49: =CONVERT(1,"bushel","l") -> 35.23907
A50: =CONVERT(1,"byte","bit") -> 8
A51: =CONVERT(1,"kibyte","byte") -> 1024
A52: =CONVERT(1,"Mibyte","kbyte") -> 1048.576
A53: =CONVERT(1,"kg","lbm") -> 2.2046226
A54: =CONVERT(1,"cm","in") -> 0.39370079
A55: =CONVERT(1,"mm","ang") -> 10000000
A56: =CONVERT(1,"dam","m") -> 10
A57: =CONVERT(1,"hm","km") -> 0.1
A58: =CONVERT(1,"T","ga") -> 10000
A59: =CONVERT(1,"pica","in") -> 0.16666667
A60: =CONVERT(1,"Pica","mm") -> 0.35277778
A61: =CONVERT(1,"survey_mi","mi") -> 1.000002
A62: =CONVERT(1,"ell","m") -> 1.143
A63: =CONVERT(1,"Morgen","m2") -> 2500
A64: =CONVERT(1,"GRT","m3") -> 2.8316847

Sheet Spread
A1: =_xlfn.VAR.P(Samples!A2:A13) -> 0.055126083
A2: =_xlfn.STDEV.P(Samples!A2:A13) -> 0.23478944
A3: =_xlfn.VAR.S(Samples!A2:A13) -> 0.060137546
A4: =_xlfn.STDEV.S(Samples!A2:A13) -> 0.24522958
A5: =DEVSQ(Samples!A2:A13) -> 0.661513
A6: =AVEDEV(Samples!A2:A13) -> 0.21513843
A7: =GEOMEAN(Samples!A2:A13) -> 0.31440087
A8: =HARMEAN(Samples!A2:A13) -> 0.19409695
A9: =SKEW(Samples!A2:A13) -> -0.21328267
A10: =_xlfn.SKEW.P(Samples!A2:A13) -> -0.18563874
A11: =KURT(Samples!A2:A13) -> -1.3364298
A12: =NPV(0.07,Samples!A2:A13) -> 3.1774074
A13: =_xlfn.COVARIANCE.P(Samples!A2:A13,Samples!B2:B13) -> -0.002305293
A14: =_xlfn.COVARIANCE.S(Samples!A2:A13,Samples!B2:B13) -> -0.0025148651
A15: =CORREL(Samples!A2:A13,Samples!B2:B13) -> -0.45339943
A16: =SLOPE(Samples!A2:A13,Samples!B2:B13) -> -4.9157857
A17: =INTERCEPT(Samples!A2:A13,Samples!B2:B13) -> 0.66829061
A18: =RSQ(Samples!A2:A13,Samples!B2:B13) -> 0.20557104
A19: =STEYX(Samples!A2:A13,Samples!B2:B13) -> 0.22924334
A20: =INDEX(LINEST(Samples!A2:A13,Samples!B2:B13),1) -> -4.9157857
A21: =DVAR(Samples!A1:J13,"V1",Samples!L1:L2) -> 0.060137546
A22: =DVARP(Samples!A1:J13,"V1",Samples!L1:L2) -> 0.055126083
A23: =DSTDEV(Samples!A1:J13,"V1",Samples!L1:L2) -> 0.24522958
A24: =DSTDEVP(Samples!A1:J13,"V1",Samples!L1:L2) -> 0.23478944
A25: =_xlfn.VAR.P(Samples!B2:B13) -> 0.00046895718
A26: =_xlfn.STDEV.P(Samples!B2:B13) -> 0.021655419
A27: =_xlfn.VAR.S(Samples!B2:B13) -> 0.00051158965
A28: =_xlfn.STDEV.S(Samples!B2:B13) -> 0.022618348
A29: =DEVSQ(Samples!B2:B13) -> 0.0056274861
A30: =AVEDEV(Samples!B2:B13) -> 0.017251722
A31: =GEOMEAN(Samples!B2:B13) -> 0.047011118
A32: =HARMEAN(Samples!B2:B13) -> 0.042445694
A33: =SKEW(Samples!B2:B13) -> 0.45239064
A34: =_xlfn.SKEW.P(Samples!B2:B13) -> 0.39375551
A35: =KURT(Samples!B2:B13) -> -0.55481316
A36: =NPV(0.07,Samples!B2:B13) -> 0.4149493
A37: =_xlfn.COVARIANCE.P(Samples!B2:B13,Samples!C2:C13) -> 13.472691
A38: =_xlfn.COVARIANCE.S(Samples!B2:B13,Samples!C2:C13) -> 14.697481
A39: =CORREL(Samples!B2:B13,Samples!C2:C13) -> 0.22647932
A40: =SLOPE(Samples!B2:B13,Samples!C2:C13) -> 1.7854016e-06
A41: =INTERCEPT(Samples!B2:B13,Samples!C2:C13) -> 0.043036117
A42: =RSQ(Samples!B2:B13,Samples!C2:C13) -> 0.051292881
A43: =STEYX(Samples!B2:B13,Samples!C2:C13) -> 0.023105922
A44: =INDEX(LINEST(Samples!B2:B13,Samples!C2:C13),1) -> 1.7854016e-06
A45: =DVAR(Samples!A1:J13,"V2",Samples!L1:L2) -> 0.00051158965
A46: =DVARP(Samples!A1:J13,"V2",Samples!L1:L2) -> 0.00046895718
A47: =DSTDEV(Samples!A1:J13,"V2",Samples!L1:L2) -> 0.022618348
A48: =DSTDEVP(Samples!A1:J13,"V2",Samples!L1:L2) -> 0.021655419
A49: =_xlfn.VAR.P(Samples!C2:C13) -> 7546028.5
A50: =_xlfn.STDEV.P(Samples!C2:C13) -> 2747.0036
A51: =_xlfn.VAR.S(Samples!C2:C13) -> 8232031.1
A52: =_xlfn.STDEV.S(Samples!C2:C13) -> 2869.1516
A53: =DEVSQ(Samples!C2:C13) -> 90552342
A54: =AVEDEV(Samples!C2:C13) -> 2462.2596
A55: =GEOMEAN(Samples!C2:C13) -> 3641.026
A56: =HARMEAN(Samples!C2:C13) -> 2075.4643
A57: =SKEW(Samples!C2:C13) -> -0.11123534
A58: =_xlfn.SKEW.P(Samples!C2:C13) -> -0.096817936
A59: =KURT(Samples!C2:C13) -> -1.0437583
A60: =NPV(0.07,Samples!C2:C13) -> 40849.598
A61: =_xlfn.COVARIANCE.P(Samples!C2:C13,Samples!D2:D13) -> -8201.503
A62: =_xlfn.COVARIANCE.S(Samples!C2:C13,Samples!D2:D13) -> -8947.0941
A63: =CORREL(Samples!C2:C13,Samples!D2:D13) -> -0.10556807
A64: =SLOPE(Samples!C2:C13,Samples!D2:D13) -> -10.253925
A65: =INTERCEPT(Samples!C2:C13,Samples!D2:D13) -> 5389.9751
A66: =RSQ(Samples!C2:C13,Samples!D2:D13) -> 0.011144617
A67: =STEYX(Samples!C2:C13,Samples!D2:D13) -> 2992.3765
A68: =INDEX(LINEST(Samples!C2:C13,Samples!D2:D13),1) -> -10.253925
A69: =DVAR(Samples!A1:J13,"V3",Samples!L1:L2) -> 8232031.1
A70: =DVARP(Samples!A1:J13,"V3",Samples!L1:L2) -> 7546028.5
A71: =DSTDEV(Samples!A1:J13,"V3",Samples!L1:L2) -> 2869.1516
A72: =DSTDEVP(Samples!A1:J13,"V3",Samples!L1:L2) -> 2747.0036
A73: =_xlfn.VAR.P(Samples!D2:D13) -> 799.84032
A74: =_xlfn.STDEV.P(Samples!D2:D13) -> 28.281448
A75: =_xlfn.VAR.S(Samples!D2:D13) -> 872.55308
A76: =_xlfn.STDEV.S(Samples!D2:D13) -> 29.539009
A77: =DEVSQ(Samples!D2:D13) -> 9598.0839
A78: =AVEDEV(Samples!D2:D13) -> 24.177714
A79: =GEOMEAN(Samples!D2:D13) -> 45.157552
A80: =HARMEAN(Samples!D2:D13) -> 36.32696
A81: =SKEW(Samples!D2:D13) -> 0.29502686
A82: =_xlfn.SKEW.P(Samples!D2:D13) -> 0.25678792
A83: =KURT(Samples!D2:D13) -> -1.2438506
A84: =NPV(0.07,Samples!D2:D13) -> 423.61466
A85: =_xlfn.COVARIANCE.P(Samples!D2:D13,Samples!E2:E13) -> -119.62452
A86: =_xlfn.COVARIANCE.S(Samples!D2:D13,Samples!E2:E13) -> -130.49948
A87: =CORREL(Samples!D2:D13,Samples!E2:E13) -> -0.13352312
A88: =SLOPE(Samples!D2:D13,Samples!E2:E13) -> -0.11920542
A89: =INTERCEPT(Samples!D2:D13,Samples!E2:E13) -> 58.183278
A90: =RSQ(Samples!D2:D13,Samples!E2:E13) -> 0.017828423
A91: =STEYX(Samples!D2:D13,Samples!E2:E13) -> 30.703363
A92: =INDEX(LINEST(Samples!D2:D13,Samples!E2:E13),1) -> -0.11920542
A93: =DVAR(Samples!A1:J13,"V4",Samples!L1:L2) -> 872.55308
A94: =DVARP(Samples!A1:J13,"V4",Samples!L1:L2) -> 799.84032
A95: =DSTDEV(Samples!A1:J13,"V4",Samples!L1:L2) -> 29.539009
A96: =DSTDEVP(Samples!A1:J13,"V4",Samples!L1:L2) -> 28.281448
A97: =_xlfn.VAR.P(Samples!E2:E13) -> 1003.5158
A98: =_xlfn.STDEV.P(Samples!E2:E13) -> 31.678317
A99: =_xlfn.VAR.S(Samples!E2:E13) -> 1094.7445
A100: =_xlfn.STDEV.S(Samples!E2:E13) -> 33.086923
...

Sheet NormGrid
A1: =_xlfn.NORM.S.DIST(-9,TRUE) -> 1.1285884e-19
A2: =_xlfn.NORM.S.DIST(-8.64,TRUE) -> 2.8106511e-18
A3: =_xlfn.NORM.S.DIST(-8.28,TRUE) -> 6.1587641e-17
A4: =_xlfn.NORM.S.DIST(-7.92,TRUE) -> 1.1875529e-15
A5: =_xlfn.NORM.S.DIST(-7.56,TRUE) -> 2.0153468e-14
A6: =_xlfn.NORM.S.DIST(-7.2,TRUE) -> 3.010628e-13
A7: =_xlfn.NORM.S.DIST(-6.84,TRUE) -> 3.959659e-12
A8: =_xlfn.NORM.S.DIST(-6.48,TRUE) -> 4.5861309e-11
A9: =_xlfn.NORM.S.DIST(-6.12,TRUE) -> 4.6787679e-10
A10: =_xlfn.NORM.S.DIST(-5.76,TRUE) -> 4.2056968e-09
A11: =_xlfn.NORM.S.DIST(-5.4,TRUE) -> 3.3320448e-08
A12: =_xlfn.NORM.S.DIST(-5.04,TRUE) -> 2.3276592e-07
A13: =_xlfn.NORM.S.DIST(-4.68,TRUE) -> 1.4343746e-06
A14: =_xlfn.NORM.S.DIST(-4.32,TRUE) -> 7.80146e-06
A15: =_xlfn.NORM.S.DIST(-3.96,TRUE) -> 3.7474882e-05
A16: =_xlfn.NORM.S.DIST(-3.6,TRUE) -> 0.00015910859
A17: =_xlfn.NORM.S.DIST(-3.24,TRUE) -> 0.0005976485
A18: =_xlfn.NORM.S.DIST(-2.88,TRUE) -> 0.0019883759
A19: =_xlfn.NORM.S.DIST(-2.52,TRUE) -> 0.0058677417
A20: =_xlfn.NORM.S.DIST(-2.16,TRUE) -> 0.015386335
A21: =_xlfn.NORM.S.DIST(-1.8,TRUE) -> 0.035930319
A22: =_xlfn.NORM.S.DIST(-1.44,TRUE) -> 0.0749337
A23: =_xlfn.NORM.S.DIST(-1.08,TRUE) -> 0.14007109
A24: =_xlfn.NORM.S.DIST(-0.72,TRUE) -> 0.2357625
A25: =_xlfn.NORM.S.DIST(-0.36,TRUE) -> 0.35942357
A26: =_xlfn.NORM.S.DIST(0,TRUE) -> 0.5
A27: =_xlfn.NORM.S.DIST(0.36,TRUE) -> 0.64057643
A28: =_xlfn.NORM.S.DIST(0.72,TRUE) -> 0.7642375
A29: =_xlfn.NORM.S.DIST(1.08,TRUE) -> 0.85992891
A30: =_xlfn.NORM.S.DIST(1.44,TRUE) -> 0.9250663
A31: =_xlfn.NORM.S.DIST(1.8,TRUE) -> 0.96406968
A32: =_xlfn.NORM.S.DIST(2.16,TRUE) -> 0.98461367
A33: =_xlfn.NORM.S.DIST(2.52,TRUE) -> 0.99413226
A34: =_xlfn.NORM.S.DIST(2.88,TRUE) -> 0.99801162
A35: =_xlfn.NORM.S.DIST(3.24,TRUE) -> 0.99940235
A36: =_xlfn.NORM.S.DIST(3.6,TRUE) -> 0.99984089
A37: =_xlfn.NORM.S.DIST(3.96,TRUE) -> 0.99996253
A38: =_xlfn.NORM.S.DIST(4.32,TRUE) -> 0.9999922
A39: =_xlfn.NORM.S.DIST(4.68,TRUE) -> 0.99999857
A40: =_xlfn.NORM.S.DIST(5.04,TRUE) -> 0.99999977
A41: =_xlfn.NORM.S.DIST(5.4,TRUE) -> 0.99999997
A42: =_xlfn.NORM.S.DIST(5.76,TRUE) -> 1
A43: =_xlfn.NORM.S.DIST(6.12,TRUE) -> 1
A44: =_xlfn.NORM.S.DIST(6.48,TRUE) -> 1
A45: =_xlfn.NORM.S.DIST(6.84,TRUE) -> 1
A46: =_xlfn.NORM.S.DIST(7.2,TRUE) -> 1
A47: =_xlfn.NORM.S.DIST(7.56,TRUE) -> 1
A48: =_xlfn.NORM.S.DIST(7.92,TRUE) -> 1
A49: =_xlfn.NORM.S.DIST(8.28,TRUE) -> 1
A50: =_xlfn.NORM.S.DIST(8.64,TRUE) -> 1
A51: =_xlfn.NORM.S.DIST(9,TRUE) -> 1

Sheet NormInvGrid
A1: =_xlfn.NORM.S.INV(1E-300) -> -37.047096
A2: =_xlfn.NORM.S.INV(1E-100) -> -21.273454
A3: =_xlfn.NORM.S.INV(1E-20) -> -9.2623401
A4: =_xlfn.NORM.S.INV(0.0000000001) -> -6.3613409
A5: =_xlfn.NORM.S.INV(0.00001) -> -4.2648908
A6: =_xlfn.NORM.S.INV(0.001) -> -3.0902323
A7: =_xlfn.NORM.S.INV(0.01) -> -2.3263479
A8: =_xlfn.NORM.S.INV(0.02425) -> -1.9729611
A9: =_xlfn.NORM.S.INV(0.05) -> -1.6448536
A10: =_xlfn.NORM.S.INV(0.1) -> -1.2815516
A11: =_xlfn.NORM.S.INV(0.2) -> -0.84162123
A12: =_xlfn.NORM.S.INV(0.3) -> -0.52440051
A13: =_xlfn.NORM.S.INV(0.4) -> -0.2533471
A14: =_xlfn.NORM.S.INV(0.49) -> -0.025068908
A15: =_xlfn.NORM.S.INV(0.51) -> 0.025068908
A16: =_xlfn.NORM.S.INV(0.6) -> 0.2533471
A17: =_xlfn.NORM.S.INV(0.7) -> 0.52440051
A18: =_xlfn.NORM.S.INV(0.8) -> 0.84162123
A19: =_xlfn.NORM.S.INV(0.9) -> 1.2815516
A20: =_xlfn.NORM.S.INV(0.95) -> 1.6448536
A21: =_xlfn.NORM.S.INV(0.975) -> 1.959964
A22: =_xlfn.NORM.S.INV(0.99) -> 2.3263479
A23: =_xlfn.NORM.S.INV(0.999) -> 3.0902323
A24: =_xlfn.NORM.S.INV(0.99999) -> 4.2648908
A25: =_xlfn.NORM.S.INV(0.9999999) -> 5.1993376

Sheet TGrid
A1: =_xlfn.T.DIST(-5,1,TRUE) -> 0.062832958
A2: =_xlfn.T.DIST(-5,2,TRUE) -> 0.018874776
A3: =_xlfn.T.DIST(-5,5,TRUE) -> 0.002052358
A4: =_xlfn.T.DIST(-5,30,TRUE) -> 1.1648343e-05
A5: =_xlfn.T.DIST(-2,1,TRUE) -> 0.14758362
A6: =_xlfn.T.DIST(-2,2,TRUE) -> 0.09175171
A7: =_xlfn.T.DIST(-2,5,TRUE) -> 0.050969739
A8: =_xlfn.T.DIST(-2,30,TRUE) -> 0.027312522
A9: =_xlfn.T.DIST(-1,1,TRUE) -> 0.25
A10: =_xlfn.T.DIST(-1,2,TRUE) -> 0.21132487
A11: =_xlfn.T.DIST(-1,5,TRUE) -> 0.18160873
A12: =_xlfn.T.DIST(-1,30,TRUE) -> 0.16265431
A13: =_xlfn.T.DIST(-0.5,1,TRUE) -> 0.35241638
A14: =_xlfn.T.DIST(-0.5,2,TRUE) -> 0.33333333
A15: =_xlfn.T.DIST(-0.5,5,TRUE) -> 0.31914944
A16: =_xlfn.T.DIST(-0.5,30,TRUE) -> 0.3103615
A17: =_xlfn.T.DIST(0.3,1,TRUE) -> 0.59277358
A18: =_xlfn.T.DIST(0.3,2,TRUE) -> 0.60375717
A19: =_xlfn.T.DIST(0.3,5,TRUE) -> 0.61187548
A20: =_xlfn.T.DIST(0.3,30,TRUE) -> 0.61687695
A21: =_xlfn.T.DIST(1,1,TRUE) -> 0.75
A22: =_xlfn.T.DIST(1,2,TRUE) -> 0.78867513
A23: =_xlfn.T.DIST(1,5,TRUE) -> 0.81839127
A24: =_xlfn.T.DIST(1,30,TRUE) -> 0.83734569
A25: =_xlfn.T.DIST(2,1,TRUE) -> 0.85241638
A26: =_xlfn.T.DIST(2,2,TRUE) -> 0.90824829
A27: =_xlfn.T.DIST(2,5,TRUE) -> 0.94903026
A28: =_xlfn.T.DIST(2,30,TRUE) -> 0.97268748
A29: =_xlfn.T.DIST(5,1,TRUE) -> 0.93716704
A30: =_xlfn.T.DIST(5,2,TRUE) -> 0.98112522
A31: =_xlfn.T.DIST(5,5,TRUE) -> 0.99794764
A32: =_xlfn.T.DIST(5,30,TRUE) -> 0.99998835

Sheet ChiGrid
A1: =_xlfn.CHISQ.DIST(0.1,1,TRUE) -> 0.24817037
A2: =_xlfn.CHISQ.DIST(0.1,2,TRUE) -> 0.048770575
A3: =_xlfn.CHISQ.DIST(0.1,5,TRUE) -> 0.00016231661
A4: =_xlfn.CHISQ.DIST(0.1,10,TRUE) -> 2.4979513e-09
A5: =_xlfn.CHISQ.DIST(0.1,50,TRUE) -> 1.8311572e-58
A6: =_xlfn.CHISQ.DIST(1,1,TRUE) -> 0.68268949
A7: =_xlfn.CHISQ.DIST(1,2,TRUE) -> 0.39346934
A8: =_xlfn.CHISQ.DIST(1,5,TRUE) -> 0.037434227
A9: =_xlfn.CHISQ.DIST(1,10,TRUE) -> 0.00017211563
A10: =_xlfn.CHISQ.DIST(1,50,TRUE) -> 1.1881853e-33
A11: =_xlfn.CHISQ.DIST(5,1,TRUE) -> 0.97465268
A12: =_xlfn.CHISQ.DIST(5,2,TRUE) -> 0.917915
A13: =_xlfn.CHISQ.DIST(5,5,TRUE) -> 0.58411981
A14: =_xlfn.CHISQ.DIST(5,10,TRUE) -> 0.10882198
A15: =_xlfn.CHISQ.DIST(5,50,TRUE) -> 5.1981003e-17
A16: =_xlfn.CHISQ.DIST(20,1,TRUE) -> 0.99999226
A17: =_xlfn.CHISQ.DIST(20,2,TRUE) -> 0.9999546
A18: =_xlfn.CHISQ.DIST(20,5,TRUE) -> 0.99875027
A19: =_xlfn.CHISQ.DIST(20,10,TRUE) -> 0.97074731
A20: =_xlfn.CHISQ.DIST(20,50,TRUE) -> 4.6949381e-05

Sheet GammaGrid
A1: =_xlfn.GAMMA.DIST(0.5,0.5,2,TRUE) -> 0.52049988
A2: =_xlfn.GAMMA.DIST(0.5,2,2,TRUE) -> 0.026499021
A3: =_xlfn.GAMMA.DIST(0.5,7,2,TRUE) -> 9.7345218e-09
A4: =_xlfn.GAMMA.DIST(3,0.5,2,TRUE) -> 0.91673548
A5: =_xlfn.GAMMA.DIST(3,2,2,TRUE) -> 0.4421746
A6: =_xlfn.GAMMA.DIST(3,7,2,TRUE) -> 0.00092599191
A7: =_xlfn.GAMMA.DIST(9,0.5,2,TRUE) -> 0.9973002
A8: =_xlfn.GAMMA.DIST(9,2,2,TRUE) -> 0.93890052
A9: =_xlfn.GAMMA.DIST(9,7,2,TRUE) -> 0.16894942
A10: =_xlfn.GAMMA.DIST(30,0.5,2,TRUE) -> 0.99999996
A11: =_xlfn.GAMMA.DIST(30,2,2,TRUE) -> 0.99999511
A12: =_xlfn.GAMMA.DIST(30,7,2,TRUE) -> 0.9923681

Sheet BinomGrid
A1: =_xlfn.BINOM.DIST(0,20,0.1,FALSE) -> 0.12157665
A2: =_xlfn.BINOM.DIST(0,20,0.5,FALSE) -> 9.5367432e-07
A3: =_xlfn.BINOM.DIST(0,20,0.73,FALSE) -> 4.2391158e-12
A4: =_xlfn.BINOM.DIST(3,20,0.1,FALSE) -> 0.19011987
A5: =_xlfn.BINOM.DIST(3,20,0.5,FALSE) -> 0.0010871887
A6: =_xlfn.BINOM.DIST(3,20,0.73,FALSE) -> 9.5511886e-08
A7: =_xlfn.BINOM.DIST(10,20,0.1,FALSE) -> 6.4420434e-06
A8: =_xlfn.BINOM.DIST(10,20,0.5,FALSE) -> 0.17619705
A9: =_xlfn.BINOM.DIST(10,20,0.73,FALSE) -> 0.016348006
A10: =_xlfn.BINOM.DIST(17,20,0.1,FALSE) -> 8.3106e-15
A11: =_xlfn.BINOM.DIST(17,20,0.5,FALSE) -> 0.0010871887
A12: =_xlfn.BINOM.DIST(17,20,0.73,FALSE) -> 0.10653315
A13: =_xlfn.BINOM.DIST(20,20,0.1,FALSE) -> 1e-20
A14: =_xlfn.BINOM.DIST(20,20,0.5,FALSE) -> 9.5367432e-07
A15: =_xlfn.BINOM.DIST(20,20,0.73,FALSE) -> 0.0018469588

Sheet PoissonGrid
A1: =_xlfn.POISSON.DIST(0,0.5,TRUE) -> 0.60653066
A2: =_xlfn.POISSON.DIST(0,0.5,FALSE) -> 0.60653066
A3: =_xlfn.POISSON.DIST(0,6,TRUE) -> 0.0024787522
A4: =_xlfn.POISSON.DIST(0,6,FALSE) -> 0.0024787522
A5: =_xlfn.POISSON.DIST(4,0.5,TRUE) -> 0.99982788
A6: =_xlfn.POISSON.DIST(4,0.5,FALSE) -> 0.0015795069
A7: =_xlfn.POISSON.DIST(4,6,TRUE) -> 0.2850565
A8: =_xlfn.POISSON.DIST(4,6,FALSE) -> 0.13385262
A9: =_xlfn.POISSON.DIST(15,0.5,TRUE) -> 1
A10: =_xlfn.POISSON.DIST(15,0.5,FALSE) -> 1.4154783e-17
A11: =_xlfn.POISSON.DIST(15,6,TRUE) -> 0.9994909
A12: =_xlfn.POISSON.DIST(15,6,FALSE) -> 0.00089125556

Sheet WeibullGrid
A1: =_xlfn.WEIBULL.DIST(0.5,0.7,1,FALSE) -> 0.46565838
A2: =_xlfn.WEIBULL.DIST(0.5,0.7,4,FALSE) -> 0.2586201
A3: =_xlfn.WEIBULL.DIST(0.5,1.5,1,FALSE) -> 0.74478338
A4: =_xlfn.WEIBULL.DIST(0.5,1.5,4,FALSE) -> 0.12685074
A5: =_xlfn.WEIBULL.DIST(0.5,3,1,FALSE) -> 0.66187268
A6: =_xlfn.WEIBULL.DIST(0.5,3,4,FALSE) -> 0.011695884
A7: =_xlfn.WEIBULL.DIST(2,0.7,1,FALSE) -> 0.11201484
A8: =_xlfn.WEIBULL.DIST(2,0.7,4,FALSE) -> 0.1164146
A9: =_xlfn.WEIBULL.DIST(2,1.5,1,FALSE) -> 0.12538222
A10: =_xlfn.WEIBULL.DIST(2,1.5,4,FALSE) -> 0.18619584
A11: =_xlfn.WEIBULL.DIST(2,3,1,FALSE) -> 0.0040255515
A12: =_xlfn.WEIBULL.DIST(2,3,4,FALSE) -> 0.16546817
A13: =_xlfn.WEIBULL.DIST(9,0.7,1,FALSE) -> 0.0034431138
A14: =_xlfn.WEIBULL.DIST(9,0.7,4,FALSE) -> 0.023509119
A15: =_xlfn.WEIBULL.DIST(9,1.5,1,FALSE) -> 8.4578797e-12
A16: =_xlfn.WEIBULL.DIST(9,1.5,4,FALSE) -> 0.019247692
A17: =_xlfn.WEIBULL.DIST(9,3,1,FALSE) -> 0
A18: =_xlfn.WEIBULL.DIST(9,3,4,FALSE) -> 4.2908242e-05

Sheet GammaFunction
A1: =_xlfn.GAMMA(0.1) -> 9.5135077
A2: =_xlfn.GAMMA(0.5) -> 1.7724539
A3: =_xlfn.GAMMA(1.5) -> 0.88622693
A4: =_xlfn.GAMMA(3) -> 2
A5: =_xlfn.GAMMA(4.5) -> 11.631728
A6: =_xlfn.GAMMA(10.3) -> 716430.69
A7: =_xlfn.GAMMA(25) -> 6.204484e+23
A8: =_xlfn.GAMMA(70.5) -> 1.4291588e+99
A9: =_xlfn.GAMMA(120) -> 5.5745858e+196
A10: =_xlfn.GAMMA(170.6) -> 9.295996e+305
A11: =_xlfn.GAMMA(-0.5) -> -3.5449077
A12: =_xlfn.GAMMA(-1.5) -> 2.3632718
A13: =_xlfn.GAMMA(-7.25) -> 0.00053039771
A14: =_xlfn.GAMMA(-33.5) -> 6.227609e-38
A15: =GAMMALN(0.1) -> 2.2527127
A16: =GAMMALN(0.5) -> 0.57236494
A17: =GAMMALN(1.5) -> -0.12078224
A18: =GAMMALN(3) -> 0.69314718
A19: =GAMMALN(4.5) -> 2.4537366
A20: =GAMMALN(10.3) -> 13.482037
A21: =GAMMALN(25) -> 54.784729
A22: =GAMMALN(70.5) -> 228.31301
A23: =GAMMALN(1000) -> 5905.2204
A24: =GAMMALN(10000000000) -> 2.2025851e+11
